name,timestamp,value,__name__,cpu,endpoint,id,instance,job,metrics_path,node,service
container_cpu_usage_seconds_total,1753847089,373.6704674,container_cpu_usage_seconds_total,total,https-metrics,/,192.168.49.2:10250,kubelet,/metrics/cadvisor,minikube,kubelet
container_cpu_usage_seconds_total,1753847149,445.1882522,container_cpu_usage_seconds_total,total,https-metrics,/,192.168.49.2:10250,kubelet,/metrics/cadvisor,minikube,kubelet
container_cpu_usage_seconds_total,1753847209,535.7895648,container_cpu_usage_seconds_total,total,https-metrics,/,192.168.49.2:10250,kubelet,/metrics/cadvisor,minikube,kubelet
container_cpu_usage_seconds_total,1753847419,845.6137346,container_cpu_usage_seconds_total,total,https-metrics,/,192.168.49.2:10250,kubelet,/metrics/cadvisor,minikube,kubelet
container_cpu_usage_seconds_total,1753847089,206.5735088,container_cpu_usage_seconds_total,total,https-metrics,/kubepods,192.168.49.2:10250,kubelet,/metrics/cadvisor,minikube,kubelet
container_cpu_usage_seconds_total,1753847149,268.2805271,container_cpu_usage_seconds_total,total,https-metrics,/kubepods,192.168.49.2:10250,kubelet,/metrics/cadvisor,minikube,kubelet
container_cpu_usage_seconds_total,1753847209,334.938936,container_cpu_usage_seconds_total,total,https-metrics,/kubepods,192.168.49.2:10250,kubelet,/metrics/cadvisor,minikube,kubelet
container_cpu_usage_seconds_total,1753847419,553.5726246,container_cpu_usage_seconds_total,total,https-metrics,/kubepods,192.168.49.2:10250,kubelet,/metrics/cadvisor,minikube,kubelet
container_cpu_usage_seconds_total,1753847089,7.0063937,container_cpu_usage_seconds_total,total,https-metrics,/kubepods/besteffort,192.168.49.2:10250,kubelet,/metrics/cadvisor,minikube,kubelet
container_cpu_usage_seconds_total,1753847149,8.9379473,container_cpu_usage_seconds_total,total,https-metrics,/kubepods/besteffort,192.168.49.2:10250,kubelet,/metrics/cadvisor,minikube,kubelet
container_cpu_usage_seconds_total,1753847209,11.4544105,container_cpu_usage_seconds_total,total,https-metrics,/kubepods/besteffort,192.168.49.2:10250,kubelet,/metrics/cadvisor,minikube,kubelet
container_cpu_usage_seconds_total,1753847419,24.2474331,container_cpu_usage_seconds_total,total,https-metrics,/kubepods/besteffort,192.168.49.2:10250,kubelet,/metrics/cadvisor,minikube,kubelet
container_cpu_usage_seconds_total,1753847089,2.5238653,container_cpu_usage_seconds_total,total,https-metrics,/kubepods/besteffort/pod5a66d518-ac5f-46d5-824b-3e16bbb50a30,192.168.49.2:10250,kubelet,/metrics/cadvisor,minikube,kubelet
container_cpu_usage_seconds_total,1753847149,2.5238653,container_cpu_usage_seconds_total,total,https-metrics,/kubepods/besteffort/pod5a66d518-ac5f-46d5-824b-3e16bbb50a30,192.168.49.2:10250,kubelet,/metrics/cadvisor,minikube,kubelet
container_cpu_usage_seconds_total,1753847209,3.3127675,container_cpu_usage_seconds_total,total,https-metrics,/kubepods/besteffort/pod5a66d518-ac5f-46d5-824b-3e16bbb50a30,192.168.49.2:10250,kubelet,/metrics/cadvisor,minikube,kubelet
container_cpu_usage_seconds_total,1753847419,4.3889008,container_cpu_usage_seconds_total,total,https-metrics,/kubepods/besteffort/pod5a66d518-ac5f-46d5-824b-3e16bbb50a30,192.168.49.2:10250,kubelet,/metrics/cadvisor,minikube,kubelet
container_cpu_usage_seconds_total,1753847089,0.0366531,container_cpu_usage_seconds_total,total,https-metrics,/kubepods/besteffort/pod5a66d518-ac5f-46d5-824b-3e16bbb50a30/bf824b97c5659f7aed49a81e3e61e452e743e5fa47712b1c8bd7d682a73ace79,192.168.49.2:10250,kubelet,/metrics/cadvisor,minikube,kubelet
container_cpu_usage_seconds_total,1753847149,0.0366531,container_cpu_usage_seconds_total,total,https-metrics,/kubepods/besteffort/pod5a66d518-ac5f-46d5-824b-3e16bbb50a30/bf824b97c5659f7aed49a81e3e61e452e743e5fa47712b1c8bd7d682a73ace79,192.168.49.2:10250,kubelet,/metrics/cadvisor,minikube,kubelet
container_cpu_usage_seconds_total,1753847209,0.0366531,container_cpu_usage_seconds_total,total,https-metrics,/kubepods/besteffort/pod5a66d518-ac5f-46d5-824b-3e16bbb50a30/bf824b97c5659f7aed49a81e3e61e452e743e5fa47712b1c8bd7d682a73ace79,192.168.49.2:10250,kubelet,/metrics/cadvisor,minikube,kubelet
container_cpu_usage_seconds_total,1753847419,0.0366531,container_cpu_usage_seconds_total,total,https-metrics,/kubepods/besteffort/pod5a66d518-ac5f-46d5-824b-3e16bbb50a30/bf824b97c5659f7aed49a81e3e61e452e743e5fa47712b1c8bd7d682a73ace79,192.168.49.2:10250,kubelet,/metrics/cadvisor,minikube,kubelet
container_cpu_usage_seconds_total,1753847419,0.6157375,container_cpu_usage_seconds_total,total,https-metrics,/kubepods/besteffort/pod5a66d518-ac5f-46d5-824b-3e16bbb50a30/d1c990802f015c8c433f9fa685416238e01a1183f24a87af6ded87255313272d,192.168.49.2:10250,kubelet,/metrics/cadvisor,minikube,kubelet
container_cpu_usage_seconds_total,1753847209,0.7076294,container_cpu_usage_seconds_total,total,https-metrics,/kubepods/besteffort/pod5a66d518-ac5f-46d5-824b-3e16bbb50a30/e4999f73a45e16d37d3e78682f78e1a815034a8559cacb19187aabbeba5de77e,192.168.49.2:10250,kubelet,/metrics/cadvisor,minikube,kubelet
container_cpu_usage_seconds_total,1753847089,3.037663,container_cpu_usage_seconds_total,total,https-metrics,/kubepods/besteffort/pod69a45491-410c-4942-9e50-239bb38fc943,192.168.49.2:10250,kubelet,/metrics/cadvisor,minikube,kubelet
container_cpu_usage_seconds_total,1753847149,4.5442945,container_cpu_usage_seconds_total,total,https-metrics,/kubepods/besteffort/pod69a45491-410c-4942-9e50-239bb38fc943,192.168.49.2:10250,kubelet,/metrics/cadvisor,minikube,kubelet
container_cpu_usage_seconds_total,1753847209,6.8647786,container_cpu_usage_seconds_total,total,https-metrics,/kubepods/besteffort/pod69a45491-410c-4942-9e50-239bb38fc943,192.168.49.2:10250,kubelet,/metrics/cadvisor,minikube,kubelet
container_cpu_usage_seconds_total,1753847419,12.7134089,container_cpu_usage_seconds_total,total,https-metrics,/kubepods/besteffort/pod69a45491-410c-4942-9e50-239bb38fc943,192.168.49.2:10250,kubelet,/metrics/cadvisor,minikube,kubelet
container_cpu_usage_seconds_total,1753847089,0.0186773,container_cpu_usage_seconds_total,total,https-metrics,/kubepods/besteffort/pod69a45491-410c-4942-9e50-239bb38fc943/03c247e5fcaf4419a69d066f7b7618b08a52529cdd12e53446ce913f9658a196,192.168.49.2:10250,kubelet,/metrics/cadvisor,minikube,kubelet
container_cpu_usage_seconds_total,1753847149,0.0186773,container_cpu_usage_seconds_total,total,https-metrics,/kubepods/besteffort/pod69a45491-410c-4942-9e50-239bb38fc943/03c247e5fcaf4419a69d066f7b7618b08a52529cdd12e53446ce913f9658a196,192.168.49.2:10250,kubelet,/metrics/cadvisor,minikube,kubelet
container_cpu_usage_seconds_total,1753847209,0.0186773,container_cpu_usage_seconds_total,total,https-metrics,/kubepods/besteffort/pod69a45491-410c-4942-9e50-239bb38fc943/03c247e5fcaf4419a69d066f7b7618b08a52529cdd12e53446ce913f9658a196,192.168.49.2:10250,kubelet,/metrics/cadvisor,minikube,kubelet
container_cpu_usage_seconds_total,1753847419,0.0186773,container_cpu_usage_seconds_total,total,https-metrics,/kubepods/besteffort/pod69a45491-410c-4942-9e50-239bb38fc943/03c247e5fcaf4419a69d066f7b7618b08a52529cdd12e53446ce913f9658a196,192.168.49.2:10250,kubelet,/metrics/cadvisor,minikube,kubelet
container_cpu_usage_seconds_total,1753847089,3.0433286,container_cpu_usage_seconds_total,total,https-metrics,/kubepods/besteffort/pod69a45491-410c-4942-9e50-239bb38fc943/e2a44b298137c95db11bf31df895c5462c1f4bfc49df551648f1ad06dc055c01,192.168.49.2:10250,kubelet,/metrics/cadvisor,minikube,kubelet
container_cpu_usage_seconds_total,1753847149,4.5071293,container_cpu_usage_seconds_total,total,https-metrics,/kubepods/besteffort/pod69a45491-410c-4942-9e50-239bb38fc943/e2a44b298137c95db11bf31df895c5462c1f4bfc49df551648f1ad06dc055c01,192.168.49.2:10250,kubelet,/metrics/cadvisor,minikube,kubelet
container_cpu_usage_seconds_total,1753847209,5.9409649,container_cpu_usage_seconds_total,total,https-metrics,/kubepods/besteffort/pod69a45491-410c-4942-9e50-239bb38fc943/e2a44b298137c95db11bf31df895c5462c1f4bfc49df551648f1ad06dc055c01,192.168.49.2:10250,kubelet,/metrics/cadvisor,minikube,kubelet
container_cpu_usage_seconds_total,1753847419,12.8773297,container_cpu_usage_seconds_total,total,https-metrics,/kubepods/besteffort/pod69a45491-410c-4942-9e50-239bb38fc943/e2a44b298137c95db11bf31df895c5462c1f4bfc49df551648f1ad06dc055c01,192.168.49.2:10250,kubelet,/metrics/cadvisor,minikube,kubelet
container_cpu_usage_seconds_total,1753847089,1.0228186,container_cpu_usage_seconds_total,total,https-metrics,/kubepods/besteffort/podae98f73a-c574-4814-9443-edeaee1ff11d,192.168.49.2:10250,kubelet,/metrics/cadvisor,minikube,kubelet
container_cpu_usage_seconds_total,1753847149,1.6951265,container_cpu_usage_seconds_total,total,https-metrics,/kubepods/besteffort/podae98f73a-c574-4814-9443-edeaee1ff11d,192.168.49.2:10250,kubelet,/metrics/cadvisor,minikube,kubelet
container_cpu_usage_seconds_total,1753847209,2.1403072,container_cpu_usage_seconds_total,total,https-metrics,/kubepods/besteffort/podae98f73a-c574-4814-9443-edeaee1ff11d,192.168.49.2:10250,kubelet,/metrics/cadvisor,minikube,kubelet
container_cpu_usage_seconds_total,1753847419,6.1260465,container_cpu_usage_seconds_total,total,https-metrics,/kubepods/besteffort/podae98f73a-c574-4814-9443-edeaee1ff11d,192.168.49.2:10250,kubelet,/metrics/cadvisor,minikube,kubelet
container_cpu_usage_seconds_total,1753847089,0.0523849,container_cpu_usage_seconds_total,total,https-metrics,/kubepods/besteffort/podae98f73a-c574-4814-9443-edeaee1ff11d/728b51c0b6d0ba356c8b9eb63bc0b81d234984bc6a013841f8c1d2bb2d85f723,192.168.49.2:10250,kubelet,/metrics/cadvisor,minikube,kubelet
container_cpu_usage_seconds_total,1753847149,0.0523849,container_cpu_usage_seconds_total,total,https-metrics,/kubepods/besteffort/podae98f73a-c574-4814-9443-edeaee1ff11d/728b51c0b6d0ba356c8b9eb63bc0b81d234984bc6a013841f8c1d2bb2d85f723,192.168.49.2:10250,kubelet,/metrics/cadvisor,minikube,kubelet
container_cpu_usage_seconds_total,1753847209,0.0523849,container_cpu_usage_seconds_total,total,https-metrics,/kubepods/besteffort/podae98f73a-c574-4814-9443-edeaee1ff11d/728b51c0b6d0ba356c8b9eb63bc0b81d234984bc6a013841f8c1d2bb2d85f723,192.168.49.2:10250,kubelet,/metrics/cadvisor,minikube,kubelet
container_cpu_usage_seconds_total,1753847419,0.0523849,container_cpu_usage_seconds_total,total,https-metrics,/kubepods/besteffort/podae98f73a-c574-4814-9443-edeaee1ff11d/728b51c0b6d0ba356c8b9eb63bc0b81d234984bc6a013841f8c1d2bb2d85f723,192.168.49.2:10250,kubelet,/metrics/cadvisor,minikube,kubelet
container_cpu_usage_seconds_total,1753847089,0.9533247,container_cpu_usage_seconds_total,total,https-metrics,/kubepods/besteffort/podae98f73a-c574-4814-9443-edeaee1ff11d/7d1641a0159978180b0e23e41818180ea0d82f20eb9dc4cecfa9c4f81a0a20a5,192.168.49.2:10250,kubelet,/metrics/cadvisor,minikube,kubelet
container_cpu_usage_seconds_total,1753847149,1.6427416,container_cpu_usage_seconds_total,total,https-metrics,/kubepods/besteffort/podae98f73a-c574-4814-9443-edeaee1ff11d/7d1641a0159978180b0e23e41818180ea0d82f20eb9dc4cecfa9c4f81a0a20a5,192.168.49.2:10250,kubelet,/metrics/cadvisor,minikube,kubelet
container_cpu_usage_seconds_total,1753847209,2.0957563,container_cpu_usage_seconds_total,total,https-metrics,/kubepods/besteffort/podae98f73a-c574-4814-9443-edeaee1ff11d/7d1641a0159978180b0e23e41818180ea0d82f20eb9dc4cecfa9c4f81a0a20a5,192.168.49.2:10250,kubelet,/metrics/cadvisor,minikube,kubelet
container_cpu_usage_seconds_total,1753847419,6.0318589,container_cpu_usage_seconds_total,total,https-metrics,/kubepods/besteffort/podae98f73a-c574-4814-9443-edeaee1ff11d/7d1641a0159978180b0e23e41818180ea0d82f20eb9dc4cecfa9c4f81a0a20a5,192.168.49.2:10250,kubelet,/metrics/cadvisor,minikube,kubelet
container_cpu_usage_seconds_total,1753847089,197.8550706,container_cpu_usage_seconds_total,total,https-metrics,/kubepods/burstable,192.168.49.2:10250,kubelet,/metrics/cadvisor,minikube,kubelet
container_cpu_usage_seconds_total,1753847149,259.353278,container_cpu_usage_seconds_total,total,https-metrics,/kubepods/burstable,192.168.49.2:10250,kubelet,/metrics/cadvisor,minikube,kubelet
container_cpu_usage_seconds_total,1753847209,305.8080057,container_cpu_usage_seconds_total,total,https-metrics,/kubepods/burstable,192.168.49.2:10250,kubelet,/metrics/cadvisor,minikube,kubelet
container_cpu_usage_seconds_total,1753847419,529.3325789,container_cpu_usage_seconds_total,total,https-metrics,/kubepods/burstable,192.168.49.2:10250,kubelet,/metrics/cadvisor,minikube,kubelet
container_cpu_usage_seconds_total,1753847089,13.6502756,container_cpu_usage_seconds_total,total,https-metrics,/kubepods/burstable/pod0378f173c980f85a71d36305bacb0ad1,192.168.49.2:10250,kubelet,/metrics/cadvisor,minikube,kubelet
container_cpu_usage_seconds_total,1753847149,18.2547804,container_cpu_usage_seconds_total,total,https-metrics,/kubepods/burstable/pod0378f173c980f85a71d36305bacb0ad1,192.168.49.2:10250,kubelet,/metrics/cadvisor,minikube,kubelet
container_cpu_usage_seconds_total,1753847209,21.8237231,container_cpu_usage_seconds_total,total,https-metrics,/kubepods/burstable/pod0378f173c980f85a71d36305bacb0ad1,192.168.49.2:10250,kubelet,/metrics/cadvisor,minikube,kubelet
container_cpu_usage_seconds_total,1753847419,36.5538453,container_cpu_usage_seconds_total,total,https-metrics,/kubepods/burstable/pod0378f173c980f85a71d36305bacb0ad1,192.168.49.2:10250,kubelet,/metrics/cadvisor,minikube,kubelet
container_cpu_usage_seconds_total,1753847089,0.0377176,container_cpu_usage_seconds_total,total,https-metrics,/kubepods/burstable/pod0378f173c980f85a71d36305bacb0ad1/0665626672a2c189034997704138eb43329447d64664e4cff9b354b836873741,192.168.49.2:10250,kubelet,/metrics/cadvisor,minikube,kubelet
container_cpu_usage_seconds_total,1753847149,0.0377176,container_cpu_usage_seconds_total,total,https-metrics,/kubepods/burstable/pod0378f173c980f85a71d36305bacb0ad1/0665626672a2c189034997704138eb43329447d64664e4cff9b354b836873741,192.168.49.2:10250,kubelet,/metrics/cadvisor,minikube,kubelet
container_cpu_usage_seconds_total,1753847209,0.0377176,container_cpu_usage_seconds_total,total,https-metrics,/kubepods/burstable/pod0378f173c980f85a71d36305bacb0ad1/0665626672a2c189034997704138eb43329447d64664e4cff9b354b836873741,192.168.49.2:10250,kubelet,/metrics/cadvisor,minikube,kubelet
container_cpu_usage_seconds_total,1753847419,0.0377176,container_cpu_usage_seconds_total,total,https-metrics,/kubepods/burstable/pod0378f173c980f85a71d36305bacb0ad1/0665626672a2c189034997704138eb43329447d64664e4cff9b354b836873741,192.168.49.2:10250,kubelet,/metrics/cadvisor,minikube,kubelet
container_cpu_usage_seconds_total,1753847089,13.2500918,container_cpu_usage_seconds_total,total,https-metrics,/kubepods/burstable/pod0378f173c980f85a71d36305bacb0ad1/fc2c55e25bcbec45671117da9f08d1cf73b949ce011ba1bd5ff5d1cf2aaa4ce2,192.168.49.2:10250,kubelet,/metrics/cadvisor,minikube,kubelet
container_cpu_usage_seconds_total,1753847149,18.167104,container_cpu_usage_seconds_total,total,https-metrics,/kubepods/burstable/pod0378f173c980f85a71d36305bacb0ad1/fc2c55e25bcbec45671117da9f08d1cf73b949ce011ba1bd5ff5d1cf2aaa4ce2,192.168.49.2:10250,kubelet,/metrics/cadvisor,minikube,kubelet
container_cpu_usage_seconds_total,1753847209,21.1082411,container_cpu_usage_seconds_total,total,https-metrics,/kubepods/burstable/pod0378f173c980f85a71d36305bacb0ad1/fc2c55e25bcbec45671117da9f08d1cf73b949ce011ba1bd5ff5d1cf2aaa4ce2,192.168.49.2:10250,kubelet,/metrics/cadvisor,minikube,kubelet
container_cpu_usage_seconds_total,1753847419,37.15853,container_cpu_usage_seconds_total,total,https-metrics,/kubepods/burstable/pod0378f173c980f85a71d36305bacb0ad1/fc2c55e25bcbec45671117da9f08d1cf73b949ce011ba1bd5ff5d1cf2aaa4ce2,192.168.49.2:10250,kubelet,/metrics/cadvisor,minikube,kubelet
container_cpu_usage_seconds_total,1753847089,0.0619373,container_cpu_usage_seconds_total,total,https-metrics,/kubepods/burstable/pod214bec1f-a057-4f98-a903-282f556348a5,192.168.49.2:10250,kubelet,/metrics/cadvisor,minikube,kubelet
container_cpu_usage_seconds_total,1753847149,0.0619373,container_cpu_usage_seconds_total,total,https-metrics,/kubepods/burstable/pod214bec1f-a057-4f98-a903-282f556348a5,192.168.49.2:10250,kubelet,/metrics/cadvisor,minikube,kubelet
container_cpu_usage_seconds_total,1753847209,0.0619373,container_cpu_usage_seconds_total,total,https-metrics,/kubepods/burstable/pod214bec1f-a057-4f98-a903-282f556348a5,192.168.49.2:10250,kubelet,/metrics/cadvisor,minikube,kubelet
container_cpu_usage_seconds_total,1753847419,0.0619373,container_cpu_usage_seconds_total,total,https-metrics,/kubepods/burstable/pod214bec1f-a057-4f98-a903-282f556348a5,192.168.49.2:10250,kubelet,/metrics/cadvisor,minikube,kubelet
container_cpu_usage_seconds_total,1753847089,0.0619373,container_cpu_usage_seconds_total,total,https-metrics,/kubepods/burstable/pod214bec1f-a057-4f98-a903-282f556348a5/62b7a946ac1986dbebda5284d7a4e06410ab9acefc2bb3b2a800e0f2d9af5646,192.168.49.2:10250,kubelet,/metrics/cadvisor,minikube,kubelet
container_cpu_usage_seconds_total,1753847149,0.0619373,container_cpu_usage_seconds_total,total,https-metrics,/kubepods/burstable/pod214bec1f-a057-4f98-a903-282f556348a5/62b7a946ac1986dbebda5284d7a4e06410ab9acefc2bb3b2a800e0f2d9af5646,192.168.49.2:10250,kubelet,/metrics/cadvisor,minikube,kubelet
container_cpu_usage_seconds_total,1753847209,0.0619373,container_cpu_usage_seconds_total,total,https-metrics,/kubepods/burstable/pod214bec1f-a057-4f98-a903-282f556348a5/62b7a946ac1986dbebda5284d7a4e06410ab9acefc2bb3b2a800e0f2d9af5646,192.168.49.2:10250,kubelet,/metrics/cadvisor,minikube,kubelet
container_cpu_usage_seconds_total,1753847419,0.0619373,container_cpu_usage_seconds_total,total,https-metrics,/kubepods/burstable/pod214bec1f-a057-4f98-a903-282f556348a5/62b7a946ac1986dbebda5284d7a4e06410ab9acefc2bb3b2a800e0f2d9af5646,192.168.49.2:10250,kubelet,/metrics/cadvisor,minikube,kubelet
container_cpu_usage_seconds_total,1753847089,3.9173115,container_cpu_usage_seconds_total,total,https-metrics,/kubepods/burstable/pod2ea9033f-3729-4577-adeb-19c5640fc7a8,192.168.49.2:10250,kubelet,/metrics/cadvisor,minikube,kubelet
container_cpu_usage_seconds_total,1753847149,4.1662026,container_cpu_usage_seconds_total,total,https-metrics,/kubepods/burstable/pod2ea9033f-3729-4577-adeb-19c5640fc7a8,192.168.49.2:10250,kubelet,/metrics/cadvisor,minikube,kubelet
container_cpu_usage_seconds_total,1753847209,5.2980758,container_cpu_usage_seconds_total,total,https-metrics,/kubepods/burstable/pod2ea9033f-3729-4577-adeb-19c5640fc7a8,192.168.49.2:10250,kubelet,/metrics/cadvisor,minikube,kubelet
container_cpu_usage_seconds_total,1753847419,11.5854807,container_cpu_usage_seconds_total,total,https-metrics,/kubepods/burstable/pod2ea9033f-3729-4577-adeb-19c5640fc7a8,192.168.49.2:10250,kubelet,/metrics/cadvisor,minikube,kubelet
container_cpu_usage_seconds_total,1753847209,1.2025105,container_cpu_usage_seconds_total,total,https-metrics,/kubepods/burstable/pod2ea9033f-3729-4577-adeb-19c5640fc7a8/62007d582b78734152a6dc81678230c70873da0c1f97d7dd03c30bcd52ace098,192.168.49.2:10250,kubelet,/metrics/cadvisor,minikube,kubelet
container_cpu_usage_seconds_total,1753847419,0.2165883,container_cpu_usage_seconds_total,total,https-metrics,/kubepods/burstable/pod2ea9033f-3729-4577-adeb-19c5640fc7a8/70a75ebeb9d33effb44520b5b8b4efb7f671f2dc88d1146b00379c1dedc06033,192.168.49.2:10250,kubelet,/metrics/cadvisor,minikube,kubelet
container_cpu_usage_seconds_total,1753847089,0.0537409,container_cpu_usage_seconds_total,total,https-metrics,/kubepods/burstable/pod2ea9033f-3729-4577-adeb-19c5640fc7a8/b7f434b87186cc4012599844e0812bfe4e47830b470d38d4bd9acd8637e1e75d,192.168.49.2:10250,kubelet,/metrics/cadvisor,minikube,kubelet
container_cpu_usage_seconds_total,1753847149,0.0537409,container_cpu_usage_seconds_total,total,https-metrics,/kubepods/burstable/pod2ea9033f-3729-4577-adeb-19c5640fc7a8/b7f434b87186cc4012599844e0812bfe4e47830b470d38d4bd9acd8637e1e75d,192.168.49.2:10250,kubelet,/metrics/cadvisor,minikube,kubelet
container_cpu_usage_seconds_total,1753847209,0.0537409,container_cpu_usage_seconds_total,total,https-metrics,/kubepods/burstable/pod2ea9033f-3729-4577-adeb-19c5640fc7a8/b7f434b87186cc4012599844e0812bfe4e47830b470d38d4bd9acd8637e1e75d,192.168.49.2:10250,kubelet,/metrics/cadvisor,minikube,kubelet
container_cpu_usage_seconds_total,1753847419,0.0537409,container_cpu_usage_seconds_total,total,https-metrics,/kubepods/burstable/pod2ea9033f-3729-4577-adeb-19c5640fc7a8/b7f434b87186cc4012599844e0812bfe4e47830b470d38d4bd9acd8637e1e75d,192.168.49.2:10250,kubelet,/metrics/cadvisor,minikube,kubelet
container_cpu_usage_seconds_total,1753847089,3.8594697,container_cpu_usage_seconds_total,total,https-metrics,/kubepods/burstable/pod2ea9033f-3729-4577-adeb-19c5640fc7a8/d80e61ebc51733b5ce092b85d2983490d4c82a7c85f2eace90270cc4ecd5af25,192.168.49.2:10250,kubelet,/metrics/cadvisor,minikube,kubelet
container_cpu_usage_seconds_total,1753847089,19.6285187,container_cpu_usage_seconds_total,total,https-metrics,/kubepods/burstable/pod3924ef3609584191d8d09190210d2d78,192.168.49.2:10250,kubelet,/metrics/cadvisor,minikube,kubelet
container_cpu_usage_seconds_total,1753847149,23.2199904,container_cpu_usage_seconds_total,total,https-metrics,/kubepods/burstable/pod3924ef3609584191d8d09190210d2d78,192.168.49.2:10250,kubelet,/metrics/cadvisor,minikube,kubelet
container_cpu_usage_seconds_total,1753847209,28.8555309,container_cpu_usage_seconds_total,total,https-metrics,/kubepods/burstable/pod3924ef3609584191d8d09190210d2d78,192.168.49.2:10250,kubelet,/metrics/cadvisor,minikube,kubelet
container_cpu_usage_seconds_total,1753847419,43.7847475,container_cpu_usage_seconds_total,total,https-metrics,/kubepods/burstable/pod3924ef3609584191d8d09190210d2d78,192.168.49.2:10250,kubelet,/metrics/cadvisor,minikube,kubelet
container_cpu_usage_seconds_total,1753847089,18.87192,container_cpu_usage_seconds_total,total,https-metrics,/kubepods/burstable/pod3924ef3609584191d8d09190210d2d78/587ef36a3362abe5f9e43f329b8006a789d7c4903b17f172a5c775656e1919b8,192.168.49.2:10250,kubelet,/metrics/cadvisor,minikube,kubelet
container_cpu_usage_seconds_total,1753847149,24.1950385,container_cpu_usage_seconds_total,total,https-metrics,/kubepods/burstable/pod3924ef3609584191d8d09190210d2d78/587ef36a3362abe5f9e43f329b8006a789d7c4903b17f172a5c775656e1919b8,192.168.49.2:10250,kubelet,/metrics/cadvisor,minikube,kubelet
container_cpu_usage_seconds_total,1753847209,27.6334862,container_cpu_usage_seconds_total,total,https-metrics,/kubepods/burstable/pod3924ef3609584191d8d09190210d2d78/587ef36a3362abe5f9e43f329b8006a789d7c4903b17f172a5c775656e1919b8,192.168.49.2:10250,kubelet,/metrics/cadvisor,minikube,kubelet
container_cpu_usage_seconds_total,1753847419,43.3684639,container_cpu_usage_seconds_total,total,https-metrics,/kubepods/burstable/pod3924ef3609584191d8d09190210d2d78/587ef36a3362abe5f9e43f329b8006a789d7c4903b17f172a5c775656e1919b8,192.168.49.2:10250,kubelet,/metrics/cadvisor,minikube,kubelet
container_cpu_usage_seconds_total,1753847089,0.0378381,container_cpu_usage_seconds_total,total,https-metrics,/kubepods/burstable/pod3924ef3609584191d8d09190210d2d78/dd79da10a54a441dcd995598489dc26f22def73ac0214bfea98ed15523462810,192.168.49.2:10250,kubelet,/metrics/cadvisor,minikube,kubelet
container_cpu_usage_seconds_total,1753847149,0.0378381,container_cpu_usage_seconds_total,total,https-metrics,/kubepods/burstable/pod3924ef3609584191d8d09190210d2d78/dd79da10a54a441dcd995598489dc26f22def73ac0214bfea98ed15523462810,192.168.49.2:10250,kubelet,/metrics/cadvisor,minikube,kubelet
container_cpu_usage_seconds_total,1753847209,0.0378381,container_cpu_usage_seconds_total,total,https-metrics,/kubepods/burstable/pod3924ef3609584191d8d09190210d2d78/dd79da10a54a441dcd995598489dc26f22def73ac0214bfea98ed15523462810,192.168.49.2:10250,kubelet,/metrics/cadvisor,minikube,kubelet
container_cpu_usage_seconds_total,1753847419,0.0378381,container_cpu_usage_seconds_total,total,https-metrics,/kubepods/burstable/pod3924ef3609584191d8d09190210d2d78/dd79da10a54a441dcd995598489dc26f22def73ac0214bfea98ed15523462810,192.168.49.2:10250,kubelet,/metrics/cadvisor,minikube,kubelet
container_cpu_usage_seconds_total,1753847089,3.2034445,container_cpu_usage_seconds_total,total,https-metrics,/kubepods/burstable/pod3cf649ac-a7fd-4267-9f78-38f565700056,192.168.49.2:10250,kubelet,/metrics/cadvisor,minikube,kubelet
container_cpu_usage_seconds_total,1753847149,5.0085919,container_cpu_usage_seconds_total,total,https-metrics,/kubepods/burstable/pod3cf649ac-a7fd-4267-9f78-38f565700056,192.168.49.2:10250,kubelet,/metrics/cadvisor,minikube,kubelet
container_cpu_usage_seconds_total,1753847209,5.8627265,container_cpu_usage_seconds_total,total,https-metrics,/kubepods/burstable/pod3cf649ac-a7fd-4267-9f78-38f565700056,192.168.49.2:10250,kubelet,/metrics/cadvisor,minikube,kubelet
container_cpu_usage_seconds_total,1753847419,10.492116,container_cpu_usage_seconds_total,total,https-metrics,/kubepods/burstable/pod3cf649ac-a7fd-4267-9f78-38f565700056,192.168.49.2:10250,kubelet,/metrics/cadvisor,minikube,kubelet
container_cpu_usage_seconds_total,1753847089,2.6149599,container_cpu_usage_seconds_total,total,https-metrics,/kubepods/burstable/pod3cf649ac-a7fd-4267-9f78-38f565700056/20280cb72191a7c3baf8618fd143278ddd64f0397a209b285115b698476f640b,192.168.49.2:10250,kubelet,/metrics/cadvisor,minikube,kubelet
container_cpu_usage_seconds_total,1753847149,3.7730986,container_cpu_usage_seconds_total,total,https-metrics,/kubepods/burstable/pod3cf649ac-a7fd-4267-9f78-38f565700056/20280cb72191a7c3baf8618fd143278ddd64f0397a209b285115b698476f640b,192.168.49.2:10250,kubelet,/metrics/cadvisor,minikube,kubelet
container_cpu_usage_seconds_total,1753847209,4.7212549,container_cpu_usage_seconds_total,total,https-metrics,/kubepods/burstable/pod3cf649ac-a7fd-4267-9f78-38f565700056/20280cb72191a7c3baf8618fd143278ddd64f0397a209b285115b698476f640b,192.168.49.2:10250,kubelet,/metrics/cadvisor,minikube,kubelet
container_cpu_usage_seconds_total,1753847419,8.1792325,container_cpu_usage_seconds_total,total,https-metrics,/kubepods/burstable/pod3cf649ac-a7fd-4267-9f78-38f565700056/20280cb72191a7c3baf8618fd143278ddd64f0397a209b285115b698476f640b,192.168.49.2:10250,kubelet,/metrics/cadvisor,minikube,kubelet
container_cpu_usage_seconds_total,1753847089,0.0430509,container_cpu_usage_seconds_total,total,https-metrics,/kubepods/burstable/pod3cf649ac-a7fd-4267-9f78-38f565700056/b4916910da271a37d7d424414ead68d2f9af7c7a0980b933ccdea9a4fd19028a,192.168.49.2:10250,kubelet,/metrics/cadvisor,minikube,kubelet
container_cpu_usage_seconds_total,1753847149,0.0430509,container_cpu_usage_seconds_total,total,https-metrics,/kubepods/burstable/pod3cf649ac-a7fd-4267-9f78-38f565700056/b4916910da271a37d7d424414ead68d2f9af7c7a0980b933ccdea9a4fd19028a,192.168.49.2:10250,kubelet,/metrics/cadvisor,minikube,kubelet
container_cpu_usage_seconds_total,1753847209,0.0430509,container_cpu_usage_seconds_total,total,https-metrics,/kubepods/burstable/pod3cf649ac-a7fd-4267-9f78-38f565700056/b4916910da271a37d7d424414ead68d2f9af7c7a0980b933ccdea9a4fd19028a,192.168.49.2:10250,kubelet,/metrics/cadvisor,minikube,kubelet
container_cpu_usage_seconds_total,1753847419,0.0430509,container_cpu_usage_seconds_total,total,https-metrics,/kubepods/burstable/pod3cf649ac-a7fd-4267-9f78-38f565700056/b4916910da271a37d7d424414ead68d2f9af7c7a0980b933ccdea9a4fd19028a,192.168.49.2:10250,kubelet,/metrics/cadvisor,minikube,kubelet
container_cpu_usage_seconds_total,1753847089,0.6529058,container_cpu_usage_seconds_total,total,https-metrics,/kubepods/burstable/pod3cf649ac-a7fd-4267-9f78-38f565700056/c4f2537c0a8294efb7c0332feb670fda9d033eb375a6810d0099aaa471d60c13,192.168.49.2:10250,kubelet,/metrics/cadvisor,minikube,kubelet
container_cpu_usage_seconds_total,1753847149,0.9795086,container_cpu_usage_seconds_total,total,https-metrics,/kubepods/burstable/pod3cf649ac-a7fd-4267-9f78-38f565700056/c4f2537c0a8294efb7c0332feb670fda9d033eb375a6810d0099aaa471d60c13,192.168.49.2:10250,kubelet,/metrics/cadvisor,minikube,kubelet
container_cpu_usage_seconds_total,1753847209,1.1833718,container_cpu_usage_seconds_total,total,https-metrics,/kubepods/burstable/pod3cf649ac-a7fd-4267-9f78-38f565700056/c4f2537c0a8294efb7c0332feb670fda9d033eb375a6810d0099aaa471d60c13,192.168.49.2:10250,kubelet,/metrics/cadvisor,minikube,kubelet
container_cpu_usage_seconds_total,1753847419,2.1414522,container_cpu_usage_seconds_total,total,https-metrics,/kubepods/burstable/pod3cf649ac-a7fd-4267-9f78-38f565700056/c4f2537c0a8294efb7c0332feb670fda9d033eb375a6810d0099aaa471d60c13,192.168.49.2:10250,kubelet,/metrics/cadvisor,minikube,kubelet
container_cpu_usage_seconds_total,1753847089,0.0795387,container_cpu_usage_seconds_total,total,https-metrics,/kubepods/burstable/pod3e316748-c339-4c68-82df-c9e77d8dfe1e,192.168.49.2:10250,kubelet,/metrics/cadvisor,minikube,kubelet
container_cpu_usage_seconds_total,1753847149,0.0795387,container_cpu_usage_seconds_total,total,https-metrics,/kubepods/burstable/pod3e316748-c339-4c68-82df-c9e77d8dfe1e,192.168.49.2:10250,kubelet,/metrics/cadvisor,minikube,kubelet
container_cpu_usage_seconds_total,1753847209,0.0795387,container_cpu_usage_seconds_total,total,https-metrics,/kubepods/burstable/pod3e316748-c339-4c68-82df-c9e77d8dfe1e,192.168.49.2:10250,kubelet,/metrics/cadvisor,minikube,kubelet
container_cpu_usage_seconds_total,1753847419,0.0795387,container_cpu_usage_seconds_total,total,https-metrics,/kubepods/burstable/pod3e316748-c339-4c68-82df-c9e77d8dfe1e,192.168.49.2:10250,kubelet,/metrics/cadvisor,minikube,kubelet
container_cpu_usage_seconds_total,1753847089,0.0795387,container_cpu_usage_seconds_total,total,https-metrics,/kubepods/burstable/pod3e316748-c339-4c68-82df-c9e77d8dfe1e/b8e6eae82ee822ba35e35fa11fec82c25648b572f6c35340b2d80490fa6ac8f7,192.168.49.2:10250,kubelet,/metrics/cadvisor,minikube,kubelet
container_cpu_usage_seconds_total,1753847149,0.0795387,container_cpu_usage_seconds_total,total,https-metrics,/kubepods/burstable/pod3e316748-c339-4c68-82df-c9e77d8dfe1e/b8e6eae82ee822ba35e35fa11fec82c25648b572f6c35340b2d80490fa6ac8f7,192.168.49.2:10250,kubelet,/metrics/cadvisor,minikube,kubelet
container_cpu_usage_seconds_total,1753847209,0.0795387,container_cpu_usage_seconds_total,total,https-metrics,/kubepods/burstable/pod3e316748-c339-4c68-82df-c9e77d8dfe1e/b8e6eae82ee822ba35e35fa11fec82c25648b572f6c35340b2d80490fa6ac8f7,192.168.49.2:10250,kubelet,/metrics/cadvisor,minikube,kubelet
container_cpu_usage_seconds_total,1753847419,0.0795387,container_cpu_usage_seconds_total,total,https-metrics,/kubepods/burstable/pod3e316748-c339-4c68-82df-c9e77d8dfe1e/b8e6eae82ee822ba35e35fa11fec82c25648b572f6c35340b2d80490fa6ac8f7,192.168.49.2:10250,kubelet,/metrics/cadvisor,minikube,kubelet
container_cpu_usage_seconds_total,1753847089,0.0689406,container_cpu_usage_seconds_total,total,https-metrics,/kubepods/burstable/pod3fa84667-5f28-4004-911e-a56dcdc6b208,192.168.49.2:10250,kubelet,/metrics/cadvisor,minikube,kubelet
container_cpu_usage_seconds_total,1753847149,0.0689406,container_cpu_usage_seconds_total,total,https-metrics,/kubepods/burstable/pod3fa84667-5f28-4004-911e-a56dcdc6b208,192.168.49.2:10250,kubelet,/metrics/cadvisor,minikube,kubelet
container_cpu_usage_seconds_total,1753847209,0.0689406,container_cpu_usage_seconds_total,total,https-metrics,/kubepods/burstable/pod3fa84667-5f28-4004-911e-a56dcdc6b208,192.168.49.2:10250,kubelet,/metrics/cadvisor,minikube,kubelet
container_cpu_usage_seconds_total,1753847419,0.0689406,container_cpu_usage_seconds_total,total,https-metrics,/kubepods/burstable/pod3fa84667-5f28-4004-911e-a56dcdc6b208,192.168.49.2:10250,kubelet,/metrics/cadvisor,minikube,kubelet
container_cpu_usage_seconds_total,1753847089,0.0689406,container_cpu_usage_seconds_total,total,https-metrics,/kubepods/burstable/pod3fa84667-5f28-4004-911e-a56dcdc6b208/67c58ee5ab714cb7014abeaefec4dcf9cdcf0ac5dea4fa6ae6a834ee8676d8d6,192.168.49.2:10250,kubelet,/metrics/cadvisor,minikube,kubelet
container_cpu_usage_seconds_total,1753847149,0.0689406,container_cpu_usage_seconds_total,total,https-metrics,/kubepods/burstable/pod3fa84667-5f28-4004-911e-a56dcdc6b208/67c58ee5ab714cb7014abeaefec4dcf9cdcf0ac5dea4fa6ae6a834ee8676d8d6,192.168.49.2:10250,kubelet,/metrics/cadvisor,minikube,kubelet
container_cpu_usage_seconds_total,1753847209,0.0689406,container_cpu_usage_seconds_total,total,https-metrics,/kubepods/burstable/pod3fa84667-5f28-4004-911e-a56dcdc6b208/67c58ee5ab714cb7014abeaefec4dcf9cdcf0ac5dea4fa6ae6a834ee8676d8d6,192.168.49.2:10250,kubelet,/metrics/cadvisor,minikube,kubelet
container_cpu_usage_seconds_total,1753847419,0.0689406,container_cpu_usage_seconds_total,total,https-metrics,/kubepods/burstable/pod3fa84667-5f28-4004-911e-a56dcdc6b208/67c58ee5ab714cb7014abeaefec4dcf9cdcf0ac5dea4fa6ae6a834ee8676d8d6,192.168.49.2:10250,kubelet,/metrics/cadvisor,minikube,kubelet
container_cpu_usage_seconds_total,1753847089,3.0574477,container_cpu_usage_seconds_total,total,https-metrics,/kubepods/burstable/pod461abfe7-0399-4b23-8116-4b6c4da75656,192.168.49.2:10250,kubelet,/metrics/cadvisor,minikube,kubelet
container_cpu_usage_seconds_total,1753847149,4.9898876,container_cpu_usage_seconds_total,total,https-metrics,/kubepods/burstable/pod461abfe7-0399-4b23-8116-4b6c4da75656,192.168.49.2:10250,kubelet,/metrics/cadvisor,minikube,kubelet
container_cpu_usage_seconds_total,1753847209,6.0173552,container_cpu_usage_seconds_total,total,https-metrics,/kubepods/burstable/pod461abfe7-0399-4b23-8116-4b6c4da75656,192.168.49.2:10250,kubelet,/metrics/cadvisor,minikube,kubelet
container_cpu_usage_seconds_total,1753847419,11.2202289,container_cpu_usage_seconds_total,total,https-metrics,/kubepods/burstable/pod461abfe7-0399-4b23-8116-4b6c4da75656,192.168.49.2:10250,kubelet,/metrics/cadvisor,minikube,kubelet
container_cpu_usage_seconds_total,1753847089,0.0447078,container_cpu_usage_seconds_total,total,https-metrics,/kubepods/burstable/pod461abfe7-0399-4b23-8116-4b6c4da75656/0ab85a4ec55ac0d6c482780fb559238fca37e5eacf3a2564fbc75e16a4252f4f,192.168.49.2:10250,kubelet,/metrics/cadvisor,minikube,kubelet
container_cpu_usage_seconds_total,1753847149,0.0447078,container_cpu_usage_seconds_total,total,https-metrics,/kubepods/burstable/pod461abfe7-0399-4b23-8116-4b6c4da75656/0ab85a4ec55ac0d6c482780fb559238fca37e5eacf3a2564fbc75e16a4252f4f,192.168.49.2:10250,kubelet,/metrics/cadvisor,minikube,kubelet
container_cpu_usage_seconds_total,1753847209,0.0447078,container_cpu_usage_seconds_total,total,https-metrics,/kubepods/burstable/pod461abfe7-0399-4b23-8116-4b6c4da75656/0ab85a4ec55ac0d6c482780fb559238fca37e5eacf3a2564fbc75e16a4252f4f,192.168.49.2:10250,kubelet,/metrics/cadvisor,minikube,kubelet
container_cpu_usage_seconds_total,1753847419,0.0447078,container_cpu_usage_seconds_total,total,https-metrics,/kubepods/burstable/pod461abfe7-0399-4b23-8116-4b6c4da75656/0ab85a4ec55ac0d6c482780fb559238fca37e5eacf3a2564fbc75e16a4252f4f,192.168.49.2:10250,kubelet,/metrics/cadvisor,minikube,kubelet
container_cpu_usage_seconds_total,1753847089,2.3721271,container_cpu_usage_seconds_total,total,https-metrics,/kubepods/burstable/pod461abfe7-0399-4b23-8116-4b6c4da75656/8279ef19d51d1e60c80e833cbdc1e630aadf0e4edc30cdcf7d09e94951893dad,192.168.49.2:10250,kubelet,/metrics/cadvisor,minikube,kubelet
container_cpu_usage_seconds_total,1753847149,3.6201759,container_cpu_usage_seconds_total,total,https-metrics,/kubepods/burstable/pod461abfe7-0399-4b23-8116-4b6c4da75656/8279ef19d51d1e60c80e833cbdc1e630aadf0e4edc30cdcf7d09e94951893dad,192.168.49.2:10250,kubelet,/metrics/cadvisor,minikube,kubelet
container_cpu_usage_seconds_total,1753847209,4.8003137,container_cpu_usage_seconds_total,total,https-metrics,/kubepods/burstable/pod461abfe7-0399-4b23-8116-4b6c4da75656/8279ef19d51d1e60c80e833cbdc1e630aadf0e4edc30cdcf7d09e94951893dad,192.168.49.2:10250,kubelet,/metrics/cadvisor,minikube,kubelet
container_cpu_usage_seconds_total,1753847419,8.7879709,container_cpu_usage_seconds_total,total,https-metrics,/kubepods/burstable/pod461abfe7-0399-4b23-8116-4b6c4da75656/8279ef19d51d1e60c80e833cbdc1e630aadf0e4edc30cdcf7d09e94951893dad,192.168.49.2:10250,kubelet,/metrics/cadvisor,minikube,kubelet
container_cpu_usage_seconds_total,1753847089,0.638108,container_cpu_usage_seconds_total,total,https-metrics,/kubepods/burstable/pod461abfe7-0399-4b23-8116-4b6c4da75656/fa1cc0e5c4367cf1efdb1e79e9e45b16bf0a2fad99292876e70b5928d7cac796,192.168.49.2:10250,kubelet,/metrics/cadvisor,minikube,kubelet
container_cpu_usage_seconds_total,1753847149,0.9934892,container_cpu_usage_seconds_total,total,https-metrics,/kubepods/burstable/pod461abfe7-0399-4b23-8116-4b6c4da75656/fa1cc0e5c4367cf1efdb1e79e9e45b16bf0a2fad99292876e70b5928d7cac796,192.168.49.2:10250,kubelet,/metrics/cadvisor,minikube,kubelet
container_cpu_usage_seconds_total,1753847209,1.3236728,container_cpu_usage_seconds_total,total,https-metrics,/kubepods/burstable/pod461abfe7-0399-4b23-8116-4b6c4da75656/fa1cc0e5c4367cf1efdb1e79e9e45b16bf0a2fad99292876e70b5928d7cac796,192.168.49.2:10250,kubelet,/metrics/cadvisor,minikube,kubelet
container_cpu_usage_seconds_total,1753847419,2.5234258,container_cpu_usage_seconds_total,total,https-metrics,/kubepods/burstable/pod461abfe7-0399-4b23-8116-4b6c4da75656/fa1cc0e5c4367cf1efdb1e79e9e45b16bf0a2fad99292876e70b5928d7cac796,192.168.49.2:10250,kubelet,/metrics/cadvisor,minikube,kubelet
container_cpu_usage_seconds_total,1753847089,0.0738814,container_cpu_usage_seconds_total,total,https-metrics,/kubepods/burstable/pod50d72a93-d618-434c-8f23-658dc02d25ec,192.168.49.2:10250,kubelet,/metrics/cadvisor,minikube,kubelet
container_cpu_usage_seconds_total,1753847149,0.0738814,container_cpu_usage_seconds_total,total,https-metrics,/kubepods/burstable/pod50d72a93-d618-434c-8f23-658dc02d25ec,192.168.49.2:10250,kubelet,/metrics/cadvisor,minikube,kubelet
container_cpu_usage_seconds_total,1753847209,0.0738814,container_cpu_usage_seconds_total,total,https-metrics,/kubepods/burstable/pod50d72a93-d618-434c-8f23-658dc02d25ec,192.168.49.2:10250,kubelet,/metrics/cadvisor,minikube,kubelet
container_cpu_usage_seconds_total,1753847419,0.0738814,container_cpu_usage_seconds_total,total,https-metrics,/kubepods/burstable/pod50d72a93-d618-434c-8f23-658dc02d25ec,192.168.49.2:10250,kubelet,/metrics/cadvisor,minikube,kubelet
container_cpu_usage_seconds_total,1753847089,0.0738814,container_cpu_usage_seconds_total,total,https-metrics,/kubepods/burstable/pod50d72a93-d618-434c-8f23-658dc02d25ec/bc552c9ec18bd2ac9ddcf487cdd19554ccd1e9cd9026b2c6addf121720888627,192.168.49.2:10250,kubelet,/metrics/cadvisor,minikube,kubelet
container_cpu_usage_seconds_total,1753847149,0.0738814,container_cpu_usage_seconds_total,total,https-metrics,/kubepods/burstable/pod50d72a93-d618-434c-8f23-658dc02d25ec/bc552c9ec18bd2ac9ddcf487cdd19554ccd1e9cd9026b2c6addf121720888627,192.168.49.2:10250,kubelet,/metrics/cadvisor,minikube,kubelet
container_cpu_usage_seconds_total,1753847209,0.0738814,container_cpu_usage_seconds_total,total,https-metrics,/kubepods/burstable/pod50d72a93-d618-434c-8f23-658dc02d25ec/bc552c9ec18bd2ac9ddcf487cdd19554ccd1e9cd9026b2c6addf121720888627,192.168.49.2:10250,kubelet,/metrics/cadvisor,minikube,kubelet
container_cpu_usage_seconds_total,1753847419,0.0738814,container_cpu_usage_seconds_total,total,https-metrics,/kubepods/burstable/pod50d72a93-d618-434c-8f23-658dc02d25ec/bc552c9ec18bd2ac9ddcf487cdd19554ccd1e9cd9026b2c6addf121720888627,192.168.49.2:10250,kubelet,/metrics/cadvisor,minikube,kubelet
container_cpu_usage_seconds_total,1753847089,60.0400438,container_cpu_usage_seconds_total,total,https-metrics,/kubepods/burstable/pod78e1292e1d47cc7d09b2c6f5826fa624,192.168.49.2:10250,kubelet,/metrics/cadvisor,minikube,kubelet
container_cpu_usage_seconds_total,1753847149,76.6370715,container_cpu_usage_seconds_total,total,https-metrics,/kubepods/burstable/pod78e1292e1d47cc7d09b2c6f5826fa624,192.168.49.2:10250,kubelet,/metrics/cadvisor,minikube,kubelet
container_cpu_usage_seconds_total,1753847209,86.0707856,container_cpu_usage_seconds_total,total,https-metrics,/kubepods/burstable/pod78e1292e1d47cc7d09b2c6f5826fa624,192.168.49.2:10250,kubelet,/metrics/cadvisor,minikube,kubelet
container_cpu_usage_seconds_total,1753847419,137.7853906,container_cpu_usage_seconds_total,total,https-metrics,/kubepods/burstable/pod78e1292e1d47cc7d09b2c6f5826fa624,192.168.49.2:10250,kubelet,/metrics/cadvisor,minikube,kubelet
container_cpu_usage_seconds_total,1753847089,0.0383829,container_cpu_usage_seconds_total,total,https-metrics,/kubepods/burstable/pod78e1292e1d47cc7d09b2c6f5826fa624/24e470d923b8bea1d05f6f51a9ea5cdde6162eabd1316a011cf740bdabb8d575,192.168.49.2:10250,kubelet,/metrics/cadvisor,minikube,kubelet
container_cpu_usage_seconds_total,1753847149,0.0383829,container_cpu_usage_seconds_total,total,https-metrics,/kubepods/burstable/pod78e1292e1d47cc7d09b2c6f5826fa624/24e470d923b8bea1d05f6f51a9ea5cdde6162eabd1316a011cf740bdabb8d575,192.168.49.2:10250,kubelet,/metrics/cadvisor,minikube,kubelet
container_cpu_usage_seconds_total,1753847209,0.0383829,container_cpu_usage_seconds_total,total,https-metrics,/kubepods/burstable/pod78e1292e1d47cc7d09b2c6f5826fa624/24e470d923b8bea1d05f6f51a9ea5cdde6162eabd1316a011cf740bdabb8d575,192.168.49.2:10250,kubelet,/metrics/cadvisor,minikube,kubelet
container_cpu_usage_seconds_total,1753847419,0.0383829,container_cpu_usage_seconds_total,total,https-metrics,/kubepods/burstable/pod78e1292e1d47cc7d09b2c6f5826fa624/24e470d923b8bea1d05f6f51a9ea5cdde6162eabd1316a011cf740bdabb8d575,192.168.49.2:10250,kubelet,/metrics/cadvisor,minikube,kubelet
container_cpu_usage_seconds_total,1753847089,59.2943529,container_cpu_usage_seconds_total,total,https-metrics,/kubepods/burstable/pod78e1292e1d47cc7d09b2c6f5826fa624/40bcd43cc5911d032f3d0e5880cffa1f9296e98aabf3d27930d54efda79e55f7,192.168.49.2:10250,kubelet,/metrics/cadvisor,minikube,kubelet
container_cpu_usage_seconds_total,1753847149,76.580668,container_cpu_usage_seconds_total,total,https-metrics,/kubepods/burstable/pod78e1292e1d47cc7d09b2c6f5826fa624/40bcd43cc5911d032f3d0e5880cffa1f9296e98aabf3d27930d54efda79e55f7,192.168.49.2:10250,kubelet,/metrics/cadvisor,minikube,kubelet
container_cpu_usage_seconds_total,1753847209,90.7656847,container_cpu_usage_seconds_total,total,https-metrics,/kubepods/burstable/pod78e1292e1d47cc7d09b2c6f5826fa624/40bcd43cc5911d032f3d0e5880cffa1f9296e98aabf3d27930d54efda79e55f7,192.168.49.2:10250,kubelet,/metrics/cadvisor,minikube,kubelet
container_cpu_usage_seconds_total,1753847419,135.9445772,container_cpu_usage_seconds_total,total,https-metrics,/kubepods/burstable/pod78e1292e1d47cc7d09b2c6f5826fa624/40bcd43cc5911d032f3d0e5880cffa1f9296e98aabf3d27930d54efda79e55f7,192.168.49.2:10250,kubelet,/metrics/cadvisor,minikube,kubelet
container_cpu_usage_seconds_total,1753847089,5.3924538,container_cpu_usage_seconds_total,total,https-metrics,/kubepods/burstable/pod790595d8-e4cf-451d-a576-0d39226bc551,192.168.49.2:10250,kubelet,/metrics/cadvisor,minikube,kubelet
container_cpu_usage_seconds_total,1753847149,7.2023449,container_cpu_usage_seconds_total,total,https-metrics,/kubepods/burstable/pod790595d8-e4cf-451d-a576-0d39226bc551,192.168.49.2:10250,kubelet,/metrics/cadvisor,minikube,kubelet
container_cpu_usage_seconds_total,1753847209,9.4966336,container_cpu_usage_seconds_total,total,https-metrics,/kubepods/burstable/pod790595d8-e4cf-451d-a576-0d39226bc551,192.168.49.2:10250,kubelet,/metrics/cadvisor,minikube,kubelet
container_cpu_usage_seconds_total,1753847419,17.1264744,container_cpu_usage_seconds_total,total,https-metrics,/kubepods/burstable/pod790595d8-e4cf-451d-a576-0d39226bc551,192.168.49.2:10250,kubelet,/metrics/cadvisor,minikube,kubelet
container_cpu_usage_seconds_total,1753847089,1.4558567,container_cpu_usage_seconds_total,total,https-metrics,/kubepods/burstable/pod790595d8-e4cf-451d-a576-0d39226bc551/076e999292e0761379fdf9cfde60f771a09a3332bd80375f50b324fd0c1817f5,192.168.49.2:10250,kubelet,/metrics/cadvisor,minikube,kubelet
container_cpu_usage_seconds_total,1753847149,2.1098633,container_cpu_usage_seconds_total,total,https-metrics,/kubepods/burstable/pod790595d8-e4cf-451d-a576-0d39226bc551/076e999292e0761379fdf9cfde60f771a09a3332bd80375f50b324fd0c1817f5,192.168.49.2:10250,kubelet,/metrics/cadvisor,minikube,kubelet
container_cpu_usage_seconds_total,1753847209,2.456507,container_cpu_usage_seconds_total,total,https-metrics,/kubepods/burstable/pod790595d8-e4cf-451d-a576-0d39226bc551/076e999292e0761379fdf9cfde60f771a09a3332bd80375f50b324fd0c1817f5,192.168.49.2:10250,kubelet,/metrics/cadvisor,minikube,kubelet
container_cpu_usage_seconds_total,1753847419,3.9720672,container_cpu_usage_seconds_total,total,https-metrics,/kubepods/burstable/pod790595d8-e4cf-451d-a576-0d39226bc551/076e999292e0761379fdf9cfde60f771a09a3332bd80375f50b324fd0c1817f5,192.168.49.2:10250,kubelet,/metrics/cadvisor,minikube,kubelet
container_cpu_usage_seconds_total,1753847089,0.052756,container_cpu_usage_seconds_total,total,https-metrics,/kubepods/burstable/pod790595d8-e4cf-451d-a576-0d39226bc551/6d72c83a5b4ce1354313960d8543aa5504ee0b71a7439efd3f370550106a61e1,192.168.49.2:10250,kubelet,/metrics/cadvisor,minikube,kubelet
container_cpu_usage_seconds_total,1753847149,0.052756,container_cpu_usage_seconds_total,total,https-metrics,/kubepods/burstable/pod790595d8-e4cf-451d-a576-0d39226bc551/6d72c83a5b4ce1354313960d8543aa5504ee0b71a7439efd3f370550106a61e1,192.168.49.2:10250,kubelet,/metrics/cadvisor,minikube,kubelet
container_cpu_usage_seconds_total,1753847209,0.052756,container_cpu_usage_seconds_total,total,https-metrics,/kubepods/burstable/pod790595d8-e4cf-451d-a576-0d39226bc551/6d72c83a5b4ce1354313960d8543aa5504ee0b71a7439efd3f370550106a61e1,192.168.49.2:10250,kubelet,/metrics/cadvisor,minikube,kubelet
container_cpu_usage_seconds_total,1753847419,0.052756,container_cpu_usage_seconds_total,total,https-metrics,/kubepods/burstable/pod790595d8-e4cf-451d-a576-0d39226bc551/6d72c83a5b4ce1354313960d8543aa5504ee0b71a7439efd3f370550106a61e1,192.168.49.2:10250,kubelet,/metrics/cadvisor,minikube,kubelet
container_cpu_usage_seconds_total,1753847089,1.2127224,container_cpu_usage_seconds_total,total,https-metrics,/kubepods/burstable/pod790595d8-e4cf-451d-a576-0d39226bc551/d89c4475018a5ab3613fa3f82dae8b911f4b7b2b980bded69ef862984a32d79a,192.168.49.2:10250,kubelet,/metrics/cadvisor,minikube,kubelet
container_cpu_usage_seconds_total,1753847149,1.7407862,container_cpu_usage_seconds_total,total,https-metrics,/kubepods/burstable/pod790595d8-e4cf-451d-a576-0d39226bc551/d89c4475018a5ab3613fa3f82dae8b911f4b7b2b980bded69ef862984a32d79a,192.168.49.2:10250,kubelet,/metrics/cadvisor,minikube,kubelet
container_cpu_usage_seconds_total,1753847209,2.0467791,container_cpu_usage_seconds_total,total,https-metrics,/kubepods/burstable/pod790595d8-e4cf-451d-a576-0d39226bc551/d89c4475018a5ab3613fa3f82dae8b911f4b7b2b980bded69ef862984a32d79a,192.168.49.2:10250,kubelet,/metrics/cadvisor,minikube,kubelet
container_cpu_usage_seconds_total,1753847419,3.1213929,container_cpu_usage_seconds_total,total,https-metrics,/kubepods/burstable/pod790595d8-e4cf-451d-a576-0d39226bc551/d89c4475018a5ab3613fa3f82dae8b911f4b7b2b980bded69ef862984a32d79a,192.168.49.2:10250,kubelet,/metrics/cadvisor,minikube,kubelet
container_cpu_usage_seconds_total,1753847089,2.4384705,container_cpu_usage_seconds_total,total,https-metrics,/kubepods/burstable/pod790595d8-e4cf-451d-a576-0d39226bc551/ee77082754f431e72e6cc8724ccd62f48e58d43c44b5dcf3089bc14eda2f4685,192.168.49.2:10250,kubelet,/metrics/cadvisor,minikube,kubelet
container_cpu_usage_seconds_total,1753847149,3.2578492,container_cpu_usage_seconds_total,total,https-metrics,/kubepods/burstable/pod790595d8-e4cf-451d-a576-0d39226bc551/ee77082754f431e72e6cc8724ccd62f48e58d43c44b5dcf3089bc14eda2f4685,192.168.49.2:10250,kubelet,/metrics/cadvisor,minikube,kubelet
container_cpu_usage_seconds_total,1753847209,4.9154452,container_cpu_usage_seconds_total,total,https-metrics,/kubepods/burstable/pod790595d8-e4cf-451d-a576-0d39226bc551/ee77082754f431e72e6cc8724ccd62f48e58d43c44b5dcf3089bc14eda2f4685,192.168.49.2:10250,kubelet,/metrics/cadvisor,minikube,kubelet
container_cpu_usage_seconds_total,1753847419,10.0985896,container_cpu_usage_seconds_total,total,https-metrics,/kubepods/burstable/pod790595d8-e4cf-451d-a576-0d39226bc551/ee77082754f431e72e6cc8724ccd62f48e58d43c44b5dcf3089bc14eda2f4685,192.168.49.2:10250,kubelet,/metrics/cadvisor,minikube,kubelet
container_cpu_usage_seconds_total,1753847089,4.2652151,container_cpu_usage_seconds_total,total,https-metrics,/kubepods/burstable/pod7a65ed82-f249-41d2-9ad1-b60e0dc1e177,192.168.49.2:10250,kubelet,/metrics/cadvisor,minikube,kubelet
container_cpu_usage_seconds_total,1753847149,7.2808622,container_cpu_usage_seconds_total,total,https-metrics,/kubepods/burstable/pod7a65ed82-f249-41d2-9ad1-b60e0dc1e177,192.168.49.2:10250,kubelet,/metrics/cadvisor,minikube,kubelet
container_cpu_usage_seconds_total,1753847209,8.7487565,container_cpu_usage_seconds_total,total,https-metrics,/kubepods/burstable/pod7a65ed82-f249-41d2-9ad1-b60e0dc1e177,192.168.49.2:10250,kubelet,/metrics/cadvisor,minikube,kubelet
container_cpu_usage_seconds_total,1753847419,16.3340696,container_cpu_usage_seconds_total,total,https-metrics,/kubepods/burstable/pod7a65ed82-f249-41d2-9ad1-b60e0dc1e177,192.168.49.2:10250,kubelet,/metrics/cadvisor,minikube,kubelet
container_cpu_usage_seconds_total,1753847089,1.5861475,container_cpu_usage_seconds_total,total,https-metrics,/kubepods/burstable/pod7a65ed82-f249-41d2-9ad1-b60e0dc1e177/4d07ea519ccee69abf85ddfee33cf0ef40354953f9466891d0d91f76b65bfc73,192.168.49.2:10250,kubelet,/metrics/cadvisor,minikube,kubelet
container_cpu_usage_seconds_total,1753847149,2.2127775,container_cpu_usage_seconds_total,total,https-metrics,/kubepods/burstable/pod7a65ed82-f249-41d2-9ad1-b60e0dc1e177/4d07ea519ccee69abf85ddfee33cf0ef40354953f9466891d0d91f76b65bfc73,192.168.49.2:10250,kubelet,/metrics/cadvisor,minikube,kubelet
container_cpu_usage_seconds_total,1753847209,3.1576886,container_cpu_usage_seconds_total,total,https-metrics,/kubepods/burstable/pod7a65ed82-f249-41d2-9ad1-b60e0dc1e177/4d07ea519ccee69abf85ddfee33cf0ef40354953f9466891d0d91f76b65bfc73,192.168.49.2:10250,kubelet,/metrics/cadvisor,minikube,kubelet
container_cpu_usage_seconds_total,1753847419,5.6126125,container_cpu_usage_seconds_total,total,https-metrics,/kubepods/burstable/pod7a65ed82-f249-41d2-9ad1-b60e0dc1e177/4d07ea519ccee69abf85ddfee33cf0ef40354953f9466891d0d91f76b65bfc73,192.168.49.2:10250,kubelet,/metrics/cadvisor,minikube,kubelet
container_cpu_usage_seconds_total,1753847089,2.6285689,container_cpu_usage_seconds_total,total,https-metrics,/kubepods/burstable/pod7a65ed82-f249-41d2-9ad1-b60e0dc1e177/dc992b028f16d1e2391b2fb60231b0b5739ab0991a1dbefb92bc84f2105e2b85,192.168.49.2:10250,kubelet,/metrics/cadvisor,minikube,kubelet
container_cpu_usage_seconds_total,1753847149,4.5494494,container_cpu_usage_seconds_total,total,https-metrics,/kubepods/burstable/pod7a65ed82-f249-41d2-9ad1-b60e0dc1e177/dc992b028f16d1e2391b2fb60231b0b5739ab0991a1dbefb92bc84f2105e2b85,192.168.49.2:10250,kubelet,/metrics/cadvisor,minikube,kubelet
container_cpu_usage_seconds_total,1753847209,5.7257864,container_cpu_usage_seconds_total,total,https-metrics,/kubepods/burstable/pod7a65ed82-f249-41d2-9ad1-b60e0dc1e177/dc992b028f16d1e2391b2fb60231b0b5739ab0991a1dbefb92bc84f2105e2b85,192.168.49.2:10250,kubelet,/metrics/cadvisor,minikube,kubelet
container_cpu_usage_seconds_total,1753847419,10.6113687,container_cpu_usage_seconds_total,total,https-metrics,/kubepods/burstable/pod7a65ed82-f249-41d2-9ad1-b60e0dc1e177/dc992b028f16d1e2391b2fb60231b0b5739ab0991a1dbefb92bc84f2105e2b85,192.168.49.2:10250,kubelet,/metrics/cadvisor,minikube,kubelet
container_cpu_usage_seconds_total,1753847089,0.0570885,container_cpu_usage_seconds_total,total,https-metrics,/kubepods/burstable/pod7a65ed82-f249-41d2-9ad1-b60e0dc1e177/dee72a00d931782410a52ca350783f6bd53a9b3c2b2bae69f42bf98879f5fd29,192.168.49.2:10250,kubelet,/metrics/cadvisor,minikube,kubelet
container_cpu_usage_seconds_total,1753847149,0.0570885,container_cpu_usage_seconds_total,total,https-metrics,/kubepods/burstable/pod7a65ed82-f249-41d2-9ad1-b60e0dc1e177/dee72a00d931782410a52ca350783f6bd53a9b3c2b2bae69f42bf98879f5fd29,192.168.49.2:10250,kubelet,/metrics/cadvisor,minikube,kubelet
container_cpu_usage_seconds_total,1753847209,0.0570885,container_cpu_usage_seconds_total,total,https-metrics,/kubepods/burstable/pod7a65ed82-f249-41d2-9ad1-b60e0dc1e177/dee72a00d931782410a52ca350783f6bd53a9b3c2b2bae69f42bf98879f5fd29,192.168.49.2:10250,kubelet,/metrics/cadvisor,minikube,kubelet
container_cpu_usage_seconds_total,1753847419,0.0570885,container_cpu_usage_seconds_total,total,https-metrics,/kubepods/burstable/pod7a65ed82-f249-41d2-9ad1-b60e0dc1e177/dee72a00d931782410a52ca350783f6bd53a9b3c2b2bae69f42bf98879f5fd29,192.168.49.2:10250,kubelet,/metrics/cadvisor,minikube,kubelet
container_cpu_usage_seconds_total,1753847089,2.7167013,container_cpu_usage_seconds_total,total,https-metrics,/kubepods/burstable/pod8f3194f4-b6e0-4a8f-9bd4-2737f44584dd,192.168.49.2:10250,kubelet,/metrics/cadvisor,minikube,kubelet
container_cpu_usage_seconds_total,1753847149,3.378244,container_cpu_usage_seconds_total,total,https-metrics,/kubepods/burstable/pod8f3194f4-b6e0-4a8f-9bd4-2737f44584dd,192.168.49.2:10250,kubelet,/metrics/cadvisor,minikube,kubelet
container_cpu_usage_seconds_total,1753847209,4.2650727,container_cpu_usage_seconds_total,total,https-metrics,/kubepods/burstable/pod8f3194f4-b6e0-4a8f-9bd4-2737f44584dd,192.168.49.2:10250,kubelet,/metrics/cadvisor,minikube,kubelet
container_cpu_usage_seconds_total,1753847419,6.5590302,container_cpu_usage_seconds_total,total,https-metrics,/kubepods/burstable/pod8f3194f4-b6e0-4a8f-9bd4-2737f44584dd,192.168.49.2:10250,kubelet,/metrics/cadvisor,minikube,kubelet
container_cpu_usage_seconds_total,1753847089,0.5288401,container_cpu_usage_seconds_total,total,https-metrics,/kubepods/burstable/pod8f3194f4-b6e0-4a8f-9bd4-2737f44584dd/3667d7969617c234fd1a4ba5f2d56ea14a10941f2ace0521fd8523e48470f925,192.168.49.2:10250,kubelet,/metrics/cadvisor,minikube,kubelet
container_cpu_usage_seconds_total,1753847149,0.7270876,container_cpu_usage_seconds_total,total,https-metrics,/kubepods/burstable/pod8f3194f4-b6e0-4a8f-9bd4-2737f44584dd/3667d7969617c234fd1a4ba5f2d56ea14a10941f2ace0521fd8523e48470f925,192.168.49.2:10250,kubelet,/metrics/cadvisor,minikube,kubelet
container_cpu_usage_seconds_total,1753847209,1.1280567,container_cpu_usage_seconds_total,total,https-metrics,/kubepods/burstable/pod8f3194f4-b6e0-4a8f-9bd4-2737f44584dd/3667d7969617c234fd1a4ba5f2d56ea14a10941f2ace0521fd8523e48470f925,192.168.49.2:10250,kubelet,/metrics/cadvisor,minikube,kubelet
container_cpu_usage_seconds_total,1753847419,2.0947564,container_cpu_usage_seconds_total,total,https-metrics,/kubepods/burstable/pod8f3194f4-b6e0-4a8f-9bd4-2737f44584dd/3667d7969617c234fd1a4ba5f2d56ea14a10941f2ace0521fd8523e48470f925,192.168.49.2:10250,kubelet,/metrics/cadvisor,minikube,kubelet
container_cpu_usage_seconds_total,1753847089,2.1633699,container_cpu_usage_seconds_total,total,https-metrics,/kubepods/burstable/pod8f3194f4-b6e0-4a8f-9bd4-2737f44584dd/7b747953af95160cd53a1f3c88d624720153f24921f1d57b38c3822e032ac154,192.168.49.2:10250,kubelet,/metrics/cadvisor,minikube,kubelet
container_cpu_usage_seconds_total,1753847149,2.7728096,container_cpu_usage_seconds_total,total,https-metrics,/kubepods/burstable/pod8f3194f4-b6e0-4a8f-9bd4-2737f44584dd/7b747953af95160cd53a1f3c88d624720153f24921f1d57b38c3822e032ac154,192.168.49.2:10250,kubelet,/metrics/cadvisor,minikube,kubelet
container_cpu_usage_seconds_total,1753847209,2.9928506,container_cpu_usage_seconds_total,total,https-metrics,/kubepods/burstable/pod8f3194f4-b6e0-4a8f-9bd4-2737f44584dd/7b747953af95160cd53a1f3c88d624720153f24921f1d57b38c3822e032ac154,192.168.49.2:10250,kubelet,/metrics/cadvisor,minikube,kubelet
container_cpu_usage_seconds_total,1753847419,4.361575,container_cpu_usage_seconds_total,total,https-metrics,/kubepods/burstable/pod8f3194f4-b6e0-4a8f-9bd4-2737f44584dd/7b747953af95160cd53a1f3c88d624720153f24921f1d57b38c3822e032ac154,192.168.49.2:10250,kubelet,/metrics/cadvisor,minikube,kubelet
container_cpu_usage_seconds_total,1753847089,0.053883,container_cpu_usage_seconds_total,total,https-metrics,/kubepods/burstable/pod8f3194f4-b6e0-4a8f-9bd4-2737f44584dd/7f17cc0d3693df567ef52bc4a5db72f4c24b27f83460a58b4ab5f2949486b690,192.168.49.2:10250,kubelet,/metrics/cadvisor,minikube,kubelet
container_cpu_usage_seconds_total,1753847149,0.053883,container_cpu_usage_seconds_total,total,https-metrics,/kubepods/burstable/pod8f3194f4-b6e0-4a8f-9bd4-2737f44584dd/7f17cc0d3693df567ef52bc4a5db72f4c24b27f83460a58b4ab5f2949486b690,192.168.49.2:10250,kubelet,/metrics/cadvisor,minikube,kubelet
container_cpu_usage_seconds_total,1753847209,0.053883,container_cpu_usage_seconds_total,total,https-metrics,/kubepods/burstable/pod8f3194f4-b6e0-4a8f-9bd4-2737f44584dd/7f17cc0d3693df567ef52bc4a5db72f4c24b27f83460a58b4ab5f2949486b690,192.168.49.2:10250,kubelet,/metrics/cadvisor,minikube,kubelet
container_cpu_usage_seconds_total,1753847419,0.053883,container_cpu_usage_seconds_total,total,https-metrics,/kubepods/burstable/pod8f3194f4-b6e0-4a8f-9bd4-2737f44584dd/7f17cc0d3693df567ef52bc4a5db72f4c24b27f83460a58b4ab5f2949486b690,192.168.49.2:10250,kubelet,/metrics/cadvisor,minikube,kubelet
container_cpu_usage_seconds_total,1753847089,0.0282947,container_cpu_usage_seconds_total,total,https-metrics,/kubepods/burstable/pod8f3194f4-b6e0-4a8f-9bd4-2737f44584dd/d77099b56fe565619299d113a7e1d0c2f2d480f505691133b1a54b744e021dca,192.168.49.2:10250,kubelet,/metrics/cadvisor,minikube,kubelet
container_cpu_usage_seconds_total,1753847149,0.0287886,container_cpu_usage_seconds_total,total,https-metrics,/kubepods/burstable/pod8f3194f4-b6e0-4a8f-9bd4-2737f44584dd/d77099b56fe565619299d113a7e1d0c2f2d480f505691133b1a54b744e021dca,192.168.49.2:10250,kubelet,/metrics/cadvisor,minikube,kubelet
container_cpu_usage_seconds_total,1753847209,0.0291225,container_cpu_usage_seconds_total,total,https-metrics,/kubepods/burstable/pod8f3194f4-b6e0-4a8f-9bd4-2737f44584dd/d77099b56fe565619299d113a7e1d0c2f2d480f505691133b1a54b744e021dca,192.168.49.2:10250,kubelet,/metrics/cadvisor,minikube,kubelet
container_cpu_usage_seconds_total,1753847419,0.0504681,container_cpu_usage_seconds_total,total,https-metrics,/kubepods/burstable/pod8f3194f4-b6e0-4a8f-9bd4-2737f44584dd/d77099b56fe565619299d113a7e1d0c2f2d480f505691133b1a54b744e021dca,192.168.49.2:10250,kubelet,/metrics/cadvisor,minikube,kubelet
container_cpu_usage_seconds_total,1753847089,11.8227091,container_cpu_usage_seconds_total,total,https-metrics,/kubepods/burstable/pod92ed4e41-3a6d-40b8-9163-f07664562a9b,192.168.49.2:10250,kubelet,/metrics/cadvisor,minikube,kubelet
container_cpu_usage_seconds_total,1753847149,17.3952219,container_cpu_usage_seconds_total,total,https-metrics,/kubepods/burstable/pod92ed4e41-3a6d-40b8-9163-f07664562a9b,192.168.49.2:10250,kubelet,/metrics/cadvisor,minikube,kubelet
container_cpu_usage_seconds_total,1753847209,21.4204399,container_cpu_usage_seconds_total,total,https-metrics,/kubepods/burstable/pod92ed4e41-3a6d-40b8-9163-f07664562a9b,192.168.49.2:10250,kubelet,/metrics/cadvisor,minikube,kubelet
container_cpu_usage_seconds_total,1753847419,36.4589864,container_cpu_usage_seconds_total,total,https-metrics,/kubepods/burstable/pod92ed4e41-3a6d-40b8-9163-f07664562a9b,192.168.49.2:10250,kubelet,/metrics/cadvisor,minikube,kubelet
container_cpu_usage_seconds_total,1753847089,0.7250102,container_cpu_usage_seconds_total,total,https-metrics,/kubepods/burstable/pod92ed4e41-3a6d-40b8-9163-f07664562a9b/7afc33cd04505e2dfef2cfbd98f67814ccc04375392abe614af9616c0fbc9699,192.168.49.2:10250,kubelet,/metrics/cadvisor,minikube,kubelet
container_cpu_usage_seconds_total,1753847149,1.2107802,container_cpu_usage_seconds_total,total,https-metrics,/kubepods/burstable/pod92ed4e41-3a6d-40b8-9163-f07664562a9b/7afc33cd04505e2dfef2cfbd98f67814ccc04375392abe614af9616c0fbc9699,192.168.49.2:10250,kubelet,/metrics/cadvisor,minikube,kubelet
container_cpu_usage_seconds_total,1753847209,1.5380717,container_cpu_usage_seconds_total,total,https-metrics,/kubepods/burstable/pod92ed4e41-3a6d-40b8-9163-f07664562a9b/7afc33cd04505e2dfef2cfbd98f67814ccc04375392abe614af9616c0fbc9699,192.168.49.2:10250,kubelet,/metrics/cadvisor,minikube,kubelet
container_cpu_usage_seconds_total,1753847419,2.7112919,container_cpu_usage_seconds_total,total,https-metrics,/kubepods/burstable/pod92ed4e41-3a6d-40b8-9163-f07664562a9b/7afc33cd04505e2dfef2cfbd98f67814ccc04375392abe614af9616c0fbc9699,192.168.49.2:10250,kubelet,/metrics/cadvisor,minikube,kubelet
container_cpu_usage_seconds_total,1753847089,0.0398986,container_cpu_usage_seconds_total,total,https-metrics,/kubepods/burstable/pod92ed4e41-3a6d-40b8-9163-f07664562a9b/ddb2f0c8ec10a41fa1f3478b389b861957904a6813fc417389a3255e736a51cd,192.168.49.2:10250,kubelet,/metrics/cadvisor,minikube,kubelet
container_cpu_usage_seconds_total,1753847149,0.0398986,container_cpu_usage_seconds_total,total,https-metrics,/kubepods/burstable/pod92ed4e41-3a6d-40b8-9163-f07664562a9b/ddb2f0c8ec10a41fa1f3478b389b861957904a6813fc417389a3255e736a51cd,192.168.49.2:10250,kubelet,/metrics/cadvisor,minikube,kubelet
container_cpu_usage_seconds_total,1753847209,0.0398986,container_cpu_usage_seconds_total,total,https-metrics,/kubepods/burstable/pod92ed4e41-3a6d-40b8-9163-f07664562a9b/ddb2f0c8ec10a41fa1f3478b389b861957904a6813fc417389a3255e736a51cd,192.168.49.2:10250,kubelet,/metrics/cadvisor,minikube,kubelet
container_cpu_usage_seconds_total,1753847419,0.0398986,container_cpu_usage_seconds_total,total,https-metrics,/kubepods/burstable/pod92ed4e41-3a6d-40b8-9163-f07664562a9b/ddb2f0c8ec10a41fa1f3478b389b861957904a6813fc417389a3255e736a51cd,192.168.49.2:10250,kubelet,/metrics/cadvisor,minikube,kubelet
container_cpu_usage_seconds_total,1753847089,11.3248487,container_cpu_usage_seconds_total,total,https-metrics,/kubepods/burstable/pod92ed4e41-3a6d-40b8-9163-f07664562a9b/f7374c60f70f34a54322880713c55046ce91e8e12c7cae2d633871aaad94e718,192.168.49.2:10250,kubelet,/metrics/cadvisor,minikube,kubelet
container_cpu_usage_seconds_total,1753847149,15.9987659,container_cpu_usage_seconds_total,total,https-metrics,/kubepods/burstable/pod92ed4e41-3a6d-40b8-9163-f07664562a9b/f7374c60f70f34a54322880713c55046ce91e8e12c7cae2d633871aaad94e718,192.168.49.2:10250,kubelet,/metrics/cadvisor,minikube,kubelet
container_cpu_usage_seconds_total,1753847209,19.7767966,container_cpu_usage_seconds_total,total,https-metrics,/kubepods/burstable/pod92ed4e41-3a6d-40b8-9163-f07664562a9b/f7374c60f70f34a54322880713c55046ce91e8e12c7cae2d633871aaad94e718,192.168.49.2:10250,kubelet,/metrics/cadvisor,minikube,kubelet
container_cpu_usage_seconds_total,1753847419,33.9802663,container_cpu_usage_seconds_total,total,https-metrics,/kubepods/burstable/pod92ed4e41-3a6d-40b8-9163-f07664562a9b/f7374c60f70f34a54322880713c55046ce91e8e12c7cae2d633871aaad94e718,192.168.49.2:10250,kubelet,/metrics/cadvisor,minikube,kubelet
container_cpu_usage_seconds_total,1753847089,4.055963,container_cpu_usage_seconds_total,total,https-metrics,/kubepods/burstable/pod987847af-ce37-4c47-81b8-3dab90290822,192.168.49.2:10250,kubelet,/metrics/cadvisor,minikube,kubelet
container_cpu_usage_seconds_total,1753847149,5.6905974,container_cpu_usage_seconds_total,total,https-metrics,/kubepods/burstable/pod987847af-ce37-4c47-81b8-3dab90290822,192.168.49.2:10250,kubelet,/metrics/cadvisor,minikube,kubelet
container_cpu_usage_seconds_total,1753847209,6.8115996,container_cpu_usage_seconds_total,total,https-metrics,/kubepods/burstable/pod987847af-ce37-4c47-81b8-3dab90290822,192.168.49.2:10250,kubelet,/metrics/cadvisor,minikube,kubelet
container_cpu_usage_seconds_total,1753847419,12.1870072,container_cpu_usage_seconds_total,total,https-metrics,/kubepods/burstable/pod987847af-ce37-4c47-81b8-3dab90290822,192.168.49.2:10250,kubelet,/metrics/cadvisor,minikube,kubelet
container_cpu_usage_seconds_total,1753847089,0.0426112,container_cpu_usage_seconds_total,total,https-metrics,/kubepods/burstable/pod987847af-ce37-4c47-81b8-3dab90290822/0a31ced18b86955627d42318c86f3e4d2302eb1352a1c71c59a032a60e836e09,192.168.49.2:10250,kubelet,/metrics/cadvisor,minikube,kubelet
container_cpu_usage_seconds_total,1753847149,0.0426112,container_cpu_usage_seconds_total,total,https-metrics,/kubepods/burstable/pod987847af-ce37-4c47-81b8-3dab90290822/0a31ced18b86955627d42318c86f3e4d2302eb1352a1c71c59a032a60e836e09,192.168.49.2:10250,kubelet,/metrics/cadvisor,minikube,kubelet
container_cpu_usage_seconds_total,1753847209,0.0426112,container_cpu_usage_seconds_total,total,https-metrics,/kubepods/burstable/pod987847af-ce37-4c47-81b8-3dab90290822/0a31ced18b86955627d42318c86f3e4d2302eb1352a1c71c59a032a60e836e09,192.168.49.2:10250,kubelet,/metrics/cadvisor,minikube,kubelet
container_cpu_usage_seconds_total,1753847419,0.0426112,container_cpu_usage_seconds_total,total,https-metrics,/kubepods/burstable/pod987847af-ce37-4c47-81b8-3dab90290822/0a31ced18b86955627d42318c86f3e4d2302eb1352a1c71c59a032a60e836e09,192.168.49.2:10250,kubelet,/metrics/cadvisor,minikube,kubelet
container_cpu_usage_seconds_total,1753847089,1.0924061,container_cpu_usage_seconds_total,total,https-metrics,/kubepods/burstable/pod987847af-ce37-4c47-81b8-3dab90290822/5828d78cc3bd3c3dfdfce43ef1d0c673b7c5ae4a5edc056d2b2e123e520f8a70,192.168.49.2:10250,kubelet,/metrics/cadvisor,minikube,kubelet
container_cpu_usage_seconds_total,1753847149,1.26382,container_cpu_usage_seconds_total,total,https-metrics,/kubepods/burstable/pod987847af-ce37-4c47-81b8-3dab90290822/5828d78cc3bd3c3dfdfce43ef1d0c673b7c5ae4a5edc056d2b2e123e520f8a70,192.168.49.2:10250,kubelet,/metrics/cadvisor,minikube,kubelet
container_cpu_usage_seconds_total,1753847209,1.6848908,container_cpu_usage_seconds_total,total,https-metrics,/kubepods/burstable/pod987847af-ce37-4c47-81b8-3dab90290822/5828d78cc3bd3c3dfdfce43ef1d0c673b7c5ae4a5edc056d2b2e123e520f8a70,192.168.49.2:10250,kubelet,/metrics/cadvisor,minikube,kubelet
container_cpu_usage_seconds_total,1753847419,2.9725159,container_cpu_usage_seconds_total,total,https-metrics,/kubepods/burstable/pod987847af-ce37-4c47-81b8-3dab90290822/5828d78cc3bd3c3dfdfce43ef1d0c673b7c5ae4a5edc056d2b2e123e520f8a70,192.168.49.2:10250,kubelet,/metrics/cadvisor,minikube,kubelet
container_cpu_usage_seconds_total,1753847089,2.7047168,container_cpu_usage_seconds_total,total,https-metrics,/kubepods/burstable/pod987847af-ce37-4c47-81b8-3dab90290822/6712072e028bfda8c5676e622af51e0e8d81f8aa245fcb032547cb786ed5d0ad,192.168.49.2:10250,kubelet,/metrics/cadvisor,minikube,kubelet
container_cpu_usage_seconds_total,1753847149,4.0965225,container_cpu_usage_seconds_total,total,https-metrics,/kubepods/burstable/pod987847af-ce37-4c47-81b8-3dab90290822/6712072e028bfda8c5676e622af51e0e8d81f8aa245fcb032547cb786ed5d0ad,192.168.49.2:10250,kubelet,/metrics/cadvisor,minikube,kubelet
container_cpu_usage_seconds_total,1753847209,5.0228036,container_cpu_usage_seconds_total,total,https-metrics,/kubepods/burstable/pod987847af-ce37-4c47-81b8-3dab90290822/6712072e028bfda8c5676e622af51e0e8d81f8aa245fcb032547cb786ed5d0ad,192.168.49.2:10250,kubelet,/metrics/cadvisor,minikube,kubelet
container_cpu_usage_seconds_total,1753847419,8.9620657,container_cpu_usage_seconds_total,total,https-metrics,/kubepods/burstable/pod987847af-ce37-4c47-81b8-3dab90290822/6712072e028bfda8c5676e622af51e0e8d81f8aa245fcb032547cb786ed5d0ad,192.168.49.2:10250,kubelet,/metrics/cadvisor,minikube,kubelet
container_cpu_usage_seconds_total,1753847089,17.4425936,container_cpu_usage_seconds_total,total,https-metrics,/kubepods/burstable/podd4e35a06-cfda-4a33-b65d-8bcc00173801,192.168.49.2:10250,kubelet,/metrics/cadvisor,minikube,kubelet
container_cpu_usage_seconds_total,1753847149,24.5130847,container_cpu_usage_seconds_total,total,https-metrics,/kubepods/burstable/podd4e35a06-cfda-4a33-b65d-8bcc00173801,192.168.49.2:10250,kubelet,/metrics/cadvisor,minikube,kubelet
container_cpu_usage_seconds_total,1753847209,31.0262941,container_cpu_usage_seconds_total,total,https-metrics,/kubepods/burstable/podd4e35a06-cfda-4a33-b65d-8bcc00173801,192.168.49.2:10250,kubelet,/metrics/cadvisor,minikube,kubelet
container_cpu_usage_seconds_total,1753847419,51.6244953,container_cpu_usage_seconds_total,total,https-metrics,/kubepods/burstable/podd4e35a06-cfda-4a33-b65d-8bcc00173801,192.168.49.2:10250,kubelet,/metrics/cadvisor,minikube,kubelet
container_cpu_usage_seconds_total,1753847089,0.0493753,container_cpu_usage_seconds_total,total,https-metrics,/kubepods/burstable/podd4e35a06-cfda-4a33-b65d-8bcc00173801/80951475c8bbd41a3f5a2b8d9e1add2853c6fec4a4fae3ac3ee384743ef83639,192.168.49.2:10250,kubelet,/metrics/cadvisor,minikube,kubelet
container_cpu_usage_seconds_total,1753847149,0.0493753,container_cpu_usage_seconds_total,total,https-metrics,/kubepods/burstable/podd4e35a06-cfda-4a33-b65d-8bcc00173801/80951475c8bbd41a3f5a2b8d9e1add2853c6fec4a4fae3ac3ee384743ef83639,192.168.49.2:10250,kubelet,/metrics/cadvisor,minikube,kubelet
container_cpu_usage_seconds_total,1753847209,0.0493753,container_cpu_usage_seconds_total,total,https-metrics,/kubepods/burstable/podd4e35a06-cfda-4a33-b65d-8bcc00173801/80951475c8bbd41a3f5a2b8d9e1add2853c6fec4a4fae3ac3ee384743ef83639,192.168.49.2:10250,kubelet,/metrics/cadvisor,minikube,kubelet
container_cpu_usage_seconds_total,1753847419,0.0493753,container_cpu_usage_seconds_total,total,https-metrics,/kubepods/burstable/podd4e35a06-cfda-4a33-b65d-8bcc00173801/80951475c8bbd41a3f5a2b8d9e1add2853c6fec4a4fae3ac3ee384743ef83639,192.168.49.2:10250,kubelet,/metrics/cadvisor,minikube,kubelet
container_cpu_usage_seconds_total,1753847089,17.8317095,container_cpu_usage_seconds_total,total,https-metrics,/kubepods/burstable/podd4e35a06-cfda-4a33-b65d-8bcc00173801/a9507362c39fa6a0d8da1c5aa2149ba48e81fb69b7c97542af52fceeb431b1db,192.168.49.2:10250,kubelet,/metrics/cadvisor,minikube,kubelet
container_cpu_usage_seconds_total,1753847149,24.6766924,container_cpu_usage_seconds_total,total,https-metrics,/kubepods/burstable/podd4e35a06-cfda-4a33-b65d-8bcc00173801/a9507362c39fa6a0d8da1c5aa2149ba48e81fb69b7c97542af52fceeb431b1db,192.168.49.2:10250,kubelet,/metrics/cadvisor,minikube,kubelet
container_cpu_usage_seconds_total,1753847209,29.8448595,container_cpu_usage_seconds_total,total,https-metrics,/kubepods/burstable/podd4e35a06-cfda-4a33-b65d-8bcc00173801/a9507362c39fa6a0d8da1c5aa2149ba48e81fb69b7c97542af52fceeb431b1db,192.168.49.2:10250,kubelet,/metrics/cadvisor,minikube,kubelet
container_cpu_usage_seconds_total,1753847419,51.1103677,container_cpu_usage_seconds_total,total,https-metrics,/kubepods/burstable/podd4e35a06-cfda-4a33-b65d-8bcc00173801/a9507362c39fa6a0d8da1c5aa2149ba48e81fb69b7c97542af52fceeb431b1db,192.168.49.2:10250,kubelet,/metrics/cadvisor,minikube,kubelet
container_cpu_usage_seconds_total,1753847089,4.9620291,container_cpu_usage_seconds_total,total,https-metrics,/kubepods/burstable/podd65e551c-b528-4e9d-92e2-0dab3fd492a8,192.168.49.2:10250,kubelet,/metrics/cadvisor,minikube,kubelet
container_cpu_usage_seconds_total,1753847149,6.9554434,container_cpu_usage_seconds_total,total,https-metrics,/kubepods/burstable/podd65e551c-b528-4e9d-92e2-0dab3fd492a8,192.168.49.2:10250,kubelet,/metrics/cadvisor,minikube,kubelet
container_cpu_usage_seconds_total,1753847209,9.2018422,container_cpu_usage_seconds_total,total,https-metrics,/kubepods/burstable/podd65e551c-b528-4e9d-92e2-0dab3fd492a8,192.168.49.2:10250,kubelet,/metrics/cadvisor,minikube,kubelet
container_cpu_usage_seconds_total,1753847419,15.2435822,container_cpu_usage_seconds_total,total,https-metrics,/kubepods/burstable/podd65e551c-b528-4e9d-92e2-0dab3fd492a8,192.168.49.2:10250,kubelet,/metrics/cadvisor,minikube,kubelet
container_cpu_usage_seconds_total,1753847089,5.1111671,container_cpu_usage_seconds_total,total,https-metrics,/kubepods/burstable/podd65e551c-b528-4e9d-92e2-0dab3fd492a8/11b801caa9c9ebdd1307bf081a7844afdec5b881beeb7ef3491eb96d46bef4e6,192.168.49.2:10250,kubelet,/metrics/cadvisor,minikube,kubelet
container_cpu_usage_seconds_total,1753847149,6.8375323,container_cpu_usage_seconds_total,total,https-metrics,/kubepods/burstable/podd65e551c-b528-4e9d-92e2-0dab3fd492a8/11b801caa9c9ebdd1307bf081a7844afdec5b881beeb7ef3491eb96d46bef4e6,192.168.49.2:10250,kubelet,/metrics/cadvisor,minikube,kubelet
container_cpu_usage_seconds_total,1753847209,8.6621807,container_cpu_usage_seconds_total,total,https-metrics,/kubepods/burstable/podd65e551c-b528-4e9d-92e2-0dab3fd492a8/11b801caa9c9ebdd1307bf081a7844afdec5b881beeb7ef3491eb96d46bef4e6,192.168.49.2:10250,kubelet,/metrics/cadvisor,minikube,kubelet
container_cpu_usage_seconds_total,1753847419,15.201387,container_cpu_usage_seconds_total,total,https-metrics,/kubepods/burstable/podd65e551c-b528-4e9d-92e2-0dab3fd492a8/11b801caa9c9ebdd1307bf081a7844afdec5b881beeb7ef3491eb96d46bef4e6,192.168.49.2:10250,kubelet,/metrics/cadvisor,minikube,kubelet
container_cpu_usage_seconds_total,1753847089,0.0655493,container_cpu_usage_seconds_total,total,https-metrics,/kubepods/burstable/podd65e551c-b528-4e9d-92e2-0dab3fd492a8/3330426b07dc22a199593aee9b3ab085fba07d5dc0fbae5c37c11ef1fd2281da,192.168.49.2:10250,kubelet,/metrics/cadvisor,minikube,kubelet
container_cpu_usage_seconds_total,1753847149,0.0655493,container_cpu_usage_seconds_total,total,https-metrics,/kubepods/burstable/podd65e551c-b528-4e9d-92e2-0dab3fd492a8/3330426b07dc22a199593aee9b3ab085fba07d5dc0fbae5c37c11ef1fd2281da,192.168.49.2:10250,kubelet,/metrics/cadvisor,minikube,kubelet
container_cpu_usage_seconds_total,1753847209,0.0655493,container_cpu_usage_seconds_total,total,https-metrics,/kubepods/burstable/podd65e551c-b528-4e9d-92e2-0dab3fd492a8/3330426b07dc22a199593aee9b3ab085fba07d5dc0fbae5c37c11ef1fd2281da,192.168.49.2:10250,kubelet,/metrics/cadvisor,minikube,kubelet
container_cpu_usage_seconds_total,1753847419,0.0655493,container_cpu_usage_seconds_total,total,https-metrics,/kubepods/burstable/podd65e551c-b528-4e9d-92e2-0dab3fd492a8/3330426b07dc22a199593aee9b3ab085fba07d5dc0fbae5c37c11ef1fd2281da,192.168.49.2:10250,kubelet,/metrics/cadvisor,minikube,kubelet
container_cpu_usage_seconds_total,1753847089,13.6521007,container_cpu_usage_seconds_total,total,https-metrics,/kubepods/burstable/poddf786bf3-6b5e-4a60-8841-d502e9d17939,192.168.49.2:10250,kubelet,/metrics/cadvisor,minikube,kubelet
container_cpu_usage_seconds_total,1753847149,17.7136253,container_cpu_usage_seconds_total,total,https-metrics,/kubepods/burstable/poddf786bf3-6b5e-4a60-8841-d502e9d17939,192.168.49.2:10250,kubelet,/metrics/cadvisor,minikube,kubelet
container_cpu_usage_seconds_total,1753847209,22.1760902,container_cpu_usage_seconds_total,total,https-metrics,/kubepods/burstable/poddf786bf3-6b5e-4a60-8841-d502e9d17939,192.168.49.2:10250,kubelet,/metrics/cadvisor,minikube,kubelet
container_cpu_usage_seconds_total,1753847419,38.7377318,container_cpu_usage_seconds_total,total,https-metrics,/kubepods/burstable/poddf786bf3-6b5e-4a60-8841-d502e9d17939,192.168.49.2:10250,kubelet,/metrics/cadvisor,minikube,kubelet
container_cpu_usage_seconds_total,1753847089,0.037064,container_cpu_usage_seconds_total,total,https-metrics,/kubepods/burstable/poddf786bf3-6b5e-4a60-8841-d502e9d17939/1eeaf421559898b224233bbe6597c8ba2a2f87ad246ca785002746a332d1cef7,192.168.49.2:10250,kubelet,/metrics/cadvisor,minikube,kubelet
container_cpu_usage_seconds_total,1753847149,0.037064,container_cpu_usage_seconds_total,total,https-metrics,/kubepods/burstable/poddf786bf3-6b5e-4a60-8841-d502e9d17939/1eeaf421559898b224233bbe6597c8ba2a2f87ad246ca785002746a332d1cef7,192.168.49.2:10250,kubelet,/metrics/cadvisor,minikube,kubelet
container_cpu_usage_seconds_total,1753847209,0.037064,container_cpu_usage_seconds_total,total,https-metrics,/kubepods/burstable/poddf786bf3-6b5e-4a60-8841-d502e9d17939/1eeaf421559898b224233bbe6597c8ba2a2f87ad246ca785002746a332d1cef7,192.168.49.2:10250,kubelet,/metrics/cadvisor,minikube,kubelet
container_cpu_usage_seconds_total,1753847419,0.037064,container_cpu_usage_seconds_total,total,https-metrics,/kubepods/burstable/poddf786bf3-6b5e-4a60-8841-d502e9d17939/1eeaf421559898b224233bbe6597c8ba2a2f87ad246ca785002746a332d1cef7,192.168.49.2:10250,kubelet,/metrics/cadvisor,minikube,kubelet
container_cpu_usage_seconds_total,1753847089,0.7416267,container_cpu_usage_seconds_total,total,https-metrics,/kubepods/burstable/poddf786bf3-6b5e-4a60-8841-d502e9d17939/4946ec3cb897c57694001b5e50962e131fcc66009c94ac8ebcee9e60444dc955,192.168.49.2:10250,kubelet,/metrics/cadvisor,minikube,kubelet
container_cpu_usage_seconds_total,1753847149,1.2717118,container_cpu_usage_seconds_total,total,https-metrics,/kubepods/burstable/poddf786bf3-6b5e-4a60-8841-d502e9d17939/4946ec3cb897c57694001b5e50962e131fcc66009c94ac8ebcee9e60444dc955,192.168.49.2:10250,kubelet,/metrics/cadvisor,minikube,kubelet
container_cpu_usage_seconds_total,1753847209,1.8583394,container_cpu_usage_seconds_total,total,https-metrics,/kubepods/burstable/poddf786bf3-6b5e-4a60-8841-d502e9d17939/4946ec3cb897c57694001b5e50962e131fcc66009c94ac8ebcee9e60444dc955,192.168.49.2:10250,kubelet,/metrics/cadvisor,minikube,kubelet
container_cpu_usage_seconds_total,1753847419,3.1553452,container_cpu_usage_seconds_total,total,https-metrics,/kubepods/burstable/poddf786bf3-6b5e-4a60-8841-d502e9d17939/4946ec3cb897c57694001b5e50962e131fcc66009c94ac8ebcee9e60444dc955,192.168.49.2:10250,kubelet,/metrics/cadvisor,minikube,kubelet
container_cpu_usage_seconds_total,1753847089,12.0279878,container_cpu_usage_seconds_total,total,https-metrics,/kubepods/burstable/poddf786bf3-6b5e-4a60-8841-d502e9d17939/a1a17ee04d899033ca658abc12940b5cc2519efc8e5755634c8c8061c713cac4,192.168.49.2:10250,kubelet,/metrics/cadvisor,minikube,kubelet
container_cpu_usage_seconds_total,1753847149,16.8887497,container_cpu_usage_seconds_total,total,https-metrics,/kubepods/burstable/poddf786bf3-6b5e-4a60-8841-d502e9d17939/a1a17ee04d899033ca658abc12940b5cc2519efc8e5755634c8c8061c713cac4,192.168.49.2:10250,kubelet,/metrics/cadvisor,minikube,kubelet
container_cpu_usage_seconds_total,1753847209,20.209773,container_cpu_usage_seconds_total,total,https-metrics,/kubepods/burstable/poddf786bf3-6b5e-4a60-8841-d502e9d17939/a1a17ee04d899033ca658abc12940b5cc2519efc8e5755634c8c8061c713cac4,192.168.49.2:10250,kubelet,/metrics/cadvisor,minikube,kubelet
container_cpu_usage_seconds_total,1753847419,35.1875897,container_cpu_usage_seconds_total,total,https-metrics,/kubepods/burstable/poddf786bf3-6b5e-4a60-8841-d502e9d17939/a1a17ee04d899033ca658abc12940b5cc2519efc8e5755634c8c8061c713cac4,192.168.49.2:10250,kubelet,/metrics/cadvisor,minikube,kubelet
container_cpu_usage_seconds_total,1753847089,5.6454496,container_cpu_usage_seconds_total,total,https-metrics,/kubepods/burstable/pode45cb37c-abfd-4b7f-abd0-7640f72adeb6,192.168.49.2:10250,kubelet,/metrics/cadvisor,minikube,kubelet
container_cpu_usage_seconds_total,1753847149,8.7905892,container_cpu_usage_seconds_total,total,https-metrics,/kubepods/burstable/pode45cb37c-abfd-4b7f-abd0-7640f72adeb6,192.168.49.2:10250,kubelet,/metrics/cadvisor,minikube,kubelet
container_cpu_usage_seconds_total,1753847209,11.6102608,container_cpu_usage_seconds_total,total,https-metrics,/kubepods/burstable/pode45cb37c-abfd-4b7f-abd0-7640f72adeb6,192.168.49.2:10250,kubelet,/metrics/cadvisor,minikube,kubelet
container_cpu_usage_seconds_total,1753847419,22.4580595,container_cpu_usage_seconds_total,total,https-metrics,/kubepods/burstable/pode45cb37c-abfd-4b7f-abd0-7640f72adeb6,192.168.49.2:10250,kubelet,/metrics/cadvisor,minikube,kubelet
container_cpu_usage_seconds_total,1753847089,0.0312557,container_cpu_usage_seconds_total,total,https-metrics,/kubepods/burstable/pode45cb37c-abfd-4b7f-abd0-7640f72adeb6/7fc696f0ee88dd14f8709c3299135859c5c5195d6e49d83fcc66e39b6ac304c2,192.168.49.2:10250,kubelet,/metrics/cadvisor,minikube,kubelet
container_cpu_usage_seconds_total,1753847149,0.0312557,container_cpu_usage_seconds_total,total,https-metrics,/kubepods/burstable/pode45cb37c-abfd-4b7f-abd0-7640f72adeb6/7fc696f0ee88dd14f8709c3299135859c5c5195d6e49d83fcc66e39b6ac304c2,192.168.49.2:10250,kubelet,/metrics/cadvisor,minikube,kubelet
container_cpu_usage_seconds_total,1753847209,0.0312557,container_cpu_usage_seconds_total,total,https-metrics,/kubepods/burstable/pode45cb37c-abfd-4b7f-abd0-7640f72adeb6/7fc696f0ee88dd14f8709c3299135859c5c5195d6e49d83fcc66e39b6ac304c2,192.168.49.2:10250,kubelet,/metrics/cadvisor,minikube,kubelet
container_cpu_usage_seconds_total,1753847419,0.0312557,container_cpu_usage_seconds_total,total,https-metrics,/kubepods/burstable/pode45cb37c-abfd-4b7f-abd0-7640f72adeb6/7fc696f0ee88dd14f8709c3299135859c5c5195d6e49d83fcc66e39b6ac304c2,192.168.49.2:10250,kubelet,/metrics/cadvisor,minikube,kubelet
container_cpu_usage_seconds_total,1753847089,5.6405134,container_cpu_usage_seconds_total,total,https-metrics,/kubepods/burstable/pode45cb37c-abfd-4b7f-abd0-7640f72adeb6/e86645786fd99f2810b7710859fd0e0336cd5e7b768427f359041d2e629e8076,192.168.49.2:10250,kubelet,/metrics/cadvisor,minikube,kubelet
container_cpu_usage_seconds_total,1753847149,8.6037675,container_cpu_usage_seconds_total,total,https-metrics,/kubepods/burstable/pode45cb37c-abfd-4b7f-abd0-7640f72adeb6/e86645786fd99f2810b7710859fd0e0336cd5e7b768427f359041d2e629e8076,192.168.49.2:10250,kubelet,/metrics/cadvisor,minikube,kubelet
container_cpu_usage_seconds_total,1753847209,11.4663255,container_cpu_usage_seconds_total,total,https-metrics,/kubepods/burstable/pode45cb37c-abfd-4b7f-abd0-7640f72adeb6/e86645786fd99f2810b7710859fd0e0336cd5e7b768427f359041d2e629e8076,192.168.49.2:10250,kubelet,/metrics/cadvisor,minikube,kubelet
container_cpu_usage_seconds_total,1753847419,22.7325969,container_cpu_usage_seconds_total,total,https-metrics,/kubepods/burstable/pode45cb37c-abfd-4b7f-abd0-7640f72adeb6/e86645786fd99f2810b7710859fd0e0336cd5e7b768427f359041d2e629e8076,192.168.49.2:10250,kubelet,/metrics/cadvisor,minikube,kubelet
container_cpu_usage_seconds_total,1753847089,4.8047895,container_cpu_usage_seconds_total,total,https-metrics,/kubepods/burstable/pode51dd5c1-ae86-4697-937b-add668c9d271,192.168.49.2:10250,kubelet,/metrics/cadvisor,minikube,kubelet
container_cpu_usage_seconds_total,1753847149,7.8732145,container_cpu_usage_seconds_total,total,https-metrics,/kubepods/burstable/pode51dd5c1-ae86-4697-937b-add668c9d271,192.168.49.2:10250,kubelet,/metrics/cadvisor,minikube,kubelet
container_cpu_usage_seconds_total,1753847209,8.4681559,container_cpu_usage_seconds_total,total,https-metrics,/kubepods/burstable/pode51dd5c1-ae86-4697-937b-add668c9d271,192.168.49.2:10250,kubelet,/metrics/cadvisor,minikube,kubelet
container_cpu_usage_seconds_total,1753847419,13.8802989,container_cpu_usage_seconds_total,total,https-metrics,/kubepods/burstable/pode51dd5c1-ae86-4697-937b-add668c9d271,192.168.49.2:10250,kubelet,/metrics/cadvisor,minikube,kubelet
container_cpu_usage_seconds_total,1753847209,0.1007822,container_cpu_usage_seconds_total,total,https-metrics,/kubepods/burstable/pode51dd5c1-ae86-4697-937b-add668c9d271/0509610c05bbe9e8b2939a5f3386908895339883a83761d46dd0cc5b230a2fc7,192.168.49.2:10250,kubelet,/metrics/cadvisor,minikube,kubelet
container_cpu_usage_seconds_total,1753847089,0.0489872,container_cpu_usage_seconds_total,total,https-metrics,/kubepods/burstable/pode51dd5c1-ae86-4697-937b-add668c9d271/5e054cb69535d10634548a8e5d6baff1b838f2c7f9b3195c2389164326ccac28,192.168.49.2:10250,kubelet,/metrics/cadvisor,minikube,kubelet
container_cpu_usage_seconds_total,1753847149,0.0489872,container_cpu_usage_seconds_total,total,https-metrics,/kubepods/burstable/pode51dd5c1-ae86-4697-937b-add668c9d271/5e054cb69535d10634548a8e5d6baff1b838f2c7f9b3195c2389164326ccac28,192.168.49.2:10250,kubelet,/metrics/cadvisor,minikube,kubelet
container_cpu_usage_seconds_total,1753847209,0.0489872,container_cpu_usage_seconds_total,total,https-metrics,/kubepods/burstable/pode51dd5c1-ae86-4697-937b-add668c9d271/5e054cb69535d10634548a8e5d6baff1b838f2c7f9b3195c2389164326ccac28,192.168.49.2:10250,kubelet,/metrics/cadvisor,minikube,kubelet
container_cpu_usage_seconds_total,1753847419,0.0489872,container_cpu_usage_seconds_total,total,https-metrics,/kubepods/burstable/pode51dd5c1-ae86-4697-937b-add668c9d271/5e054cb69535d10634548a8e5d6baff1b838f2c7f9b3195c2389164326ccac28,192.168.49.2:10250,kubelet,/metrics/cadvisor,minikube,kubelet
container_cpu_usage_seconds_total,1753847419,0.414599,container_cpu_usage_seconds_total,total,https-metrics,/kubepods/burstable/pode51dd5c1-ae86-4697-937b-add668c9d271/b8a7211242a2c30fffc2303c9d963da450b5c1909da84d1c3dc6075f1481dca6,192.168.49.2:10250,kubelet,/metrics/cadvisor,minikube,kubelet
container_cpu_usage_seconds_total,1753847089,4.8799294,container_cpu_usage_seconds_total,total,https-metrics,/kubepods/burstable/pode51dd5c1-ae86-4697-937b-add668c9d271/d6a96ec51e966b2889d2cc7d738d5a621e2087b7a61bab5aa9cc6ba95e3f272d,192.168.49.2:10250,kubelet,/metrics/cadvisor,minikube,kubelet
container_cpu_usage_seconds_total,1753847149,7.8126157,container_cpu_usage_seconds_total,total,https-metrics,/kubepods/burstable/pode51dd5c1-ae86-4697-937b-add668c9d271/d6a96ec51e966b2889d2cc7d738d5a621e2087b7a61bab5aa9cc6ba95e3f272d,192.168.49.2:10250,kubelet,/metrics/cadvisor,minikube,kubelet
container_cpu_usage_seconds_total,1753847089,0.072954,container_cpu_usage_seconds_total,total,https-metrics,/kubepods/burstable/podec13cb9f-8e3f-4b7e-814f-f85569430ee5,192.168.49.2:10250,kubelet,/metrics/cadvisor,minikube,kubelet
container_cpu_usage_seconds_total,1753847149,0.072954,container_cpu_usage_seconds_total,total,https-metrics,/kubepods/burstable/podec13cb9f-8e3f-4b7e-814f-f85569430ee5,192.168.49.2:10250,kubelet,/metrics/cadvisor,minikube,kubelet
container_cpu_usage_seconds_total,1753847209,0.072954,container_cpu_usage_seconds_total,total,https-metrics,/kubepods/burstable/podec13cb9f-8e3f-4b7e-814f-f85569430ee5,192.168.49.2:10250,kubelet,/metrics/cadvisor,minikube,kubelet
container_cpu_usage_seconds_total,1753847419,0.072954,container_cpu_usage_seconds_total,total,https-metrics,/kubepods/burstable/podec13cb9f-8e3f-4b7e-814f-f85569430ee5,192.168.49.2:10250,kubelet,/metrics/cadvisor,minikube,kubelet
container_cpu_usage_seconds_total,1753847089,0.072954,container_cpu_usage_seconds_total,total,https-metrics,/kubepods/burstable/podec13cb9f-8e3f-4b7e-814f-f85569430ee5/f17a4c7bdb5d1c980dec22576382f1d7d73b62312ec57121c07de0d07176f2e7,192.168.49.2:10250,kubelet,/metrics/cadvisor,minikube,kubelet
container_cpu_usage_seconds_total,1753847149,0.072954,container_cpu_usage_seconds_total,total,https-metrics,/kubepods/burstable/podec13cb9f-8e3f-4b7e-814f-f85569430ee5/f17a4c7bdb5d1c980dec22576382f1d7d73b62312ec57121c07de0d07176f2e7,192.168.49.2:10250,kubelet,/metrics/cadvisor,minikube,kubelet
container_cpu_usage_seconds_total,1753847209,0.072954,container_cpu_usage_seconds_total,total,https-metrics,/kubepods/burstable/podec13cb9f-8e3f-4b7e-814f-f85569430ee5/f17a4c7bdb5d1c980dec22576382f1d7d73b62312ec57121c07de0d07176f2e7,192.168.49.2:10250,kubelet,/metrics/cadvisor,minikube,kubelet
container_cpu_usage_seconds_total,1753847419,0.072954,container_cpu_usage_seconds_total,total,https-metrics,/kubepods/burstable/podec13cb9f-8e3f-4b7e-814f-f85569430ee5/f17a4c7bdb5d1c980dec22576382f1d7d73b62312ec57121c07de0d07176f2e7,192.168.49.2:10250,kubelet,/metrics/cadvisor,minikube,kubelet
container_cpu_usage_seconds_total,1753847089,4.6489925,container_cpu_usage_seconds_total,total,https-metrics,/kubepods/burstable/podf1dc3ba2-10f4-4011-a6e8-723ab747d1a5,192.168.49.2:10250,kubelet,/metrics/cadvisor,minikube,kubelet
container_cpu_usage_seconds_total,1753847149,7.2327587,container_cpu_usage_seconds_total,total,https-metrics,/kubepods/burstable/podf1dc3ba2-10f4-4011-a6e8-723ab747d1a5,192.168.49.2:10250,kubelet,/metrics/cadvisor,minikube,kubelet
container_cpu_usage_seconds_total,1753847209,9.9659031,container_cpu_usage_seconds_total,total,https-metrics,/kubepods/burstable/podf1dc3ba2-10f4-4011-a6e8-723ab747d1a5,192.168.49.2:10250,kubelet,/metrics/cadvisor,minikube,kubelet
container_cpu_usage_seconds_total,1753847419,17.39508,container_cpu_usage_seconds_total,total,https-metrics,/kubepods/burstable/podf1dc3ba2-10f4-4011-a6e8-723ab747d1a5,192.168.49.2:10250,kubelet,/metrics/cadvisor,minikube,kubelet
container_cpu_usage_seconds_total,1753847089,3.8780083,container_cpu_usage_seconds_total,total,https-metrics,/kubepods/burstable/podf1dc3ba2-10f4-4011-a6e8-723ab747d1a5/ccfc24f90869d8792acccb5f9308f93c9a76967ea9a76d1f7f09f2b5fe2d5578,192.168.49.2:10250,kubelet,/metrics/cadvisor,minikube,kubelet
container_cpu_usage_seconds_total,1753847149,5.6702848,container_cpu_usage_seconds_total,total,https-metrics,/kubepods/burstable/podf1dc3ba2-10f4-4011-a6e8-723ab747d1a5/ccfc24f90869d8792acccb5f9308f93c9a76967ea9a76d1f7f09f2b5fe2d5578,192.168.49.2:10250,kubelet,/metrics/cadvisor,minikube,kubelet
container_cpu_usage_seconds_total,1753847209,8.394158,container_cpu_usage_seconds_total,total,https-metrics,/kubepods/burstable/podf1dc3ba2-10f4-4011-a6e8-723ab747d1a5/ccfc24f90869d8792acccb5f9308f93c9a76967ea9a76d1f7f09f2b5fe2d5578,192.168.49.2:10250,kubelet,/metrics/cadvisor,minikube,kubelet
container_cpu_usage_seconds_total,1753847419,13.3821986,container_cpu_usage_seconds_total,total,https-metrics,/kubepods/burstable/podf1dc3ba2-10f4-4011-a6e8-723ab747d1a5/ccfc24f90869d8792acccb5f9308f93c9a76967ea9a76d1f7f09f2b5fe2d5578,192.168.49.2:10250,kubelet,/metrics/cadvisor,minikube,kubelet
container_cpu_usage_seconds_total,1753847089,0.0445115,container_cpu_usage_seconds_total,total,https-metrics,/kubepods/burstable/podf1dc3ba2-10f4-4011-a6e8-723ab747d1a5/eb686292f0a88563c8f6a7b0f55791c5255cd3fff601f373070395237b3957d2,192.168.49.2:10250,kubelet,/metrics/cadvisor,minikube,kubelet
container_cpu_usage_seconds_total,1753847149,0.0445115,container_cpu_usage_seconds_total,total,https-metrics,/kubepods/burstable/podf1dc3ba2-10f4-4011-a6e8-723ab747d1a5/eb686292f0a88563c8f6a7b0f55791c5255cd3fff601f373070395237b3957d2,192.168.49.2:10250,kubelet,/metrics/cadvisor,minikube,kubelet
container_cpu_usage_seconds_total,1753847209,0.0445115,container_cpu_usage_seconds_total,total,https-metrics,/kubepods/burstable/podf1dc3ba2-10f4-4011-a6e8-723ab747d1a5/eb686292f0a88563c8f6a7b0f55791c5255cd3fff601f373070395237b3957d2,192.168.49.2:10250,kubelet,/metrics/cadvisor,minikube,kubelet
container_cpu_usage_seconds_total,1753847419,0.0445115,container_cpu_usage_seconds_total,total,https-metrics,/kubepods/burstable/podf1dc3ba2-10f4-4011-a6e8-723ab747d1a5/eb686292f0a88563c8f6a7b0f55791c5255cd3fff601f373070395237b3957d2,192.168.49.2:10250,kubelet,/metrics/cadvisor,minikube,kubelet
container_cpu_usage_seconds_total,1753847089,1.2811938,container_cpu_usage_seconds_total,total,https-metrics,/kubepods/burstable/podf1dc3ba2-10f4-4011-a6e8-723ab747d1a5/eeb42031f6296f0b3b2646307367f4559c4edf4a6d202877dafc9b987509faf7,192.168.49.2:10250,kubelet,/metrics/cadvisor,minikube,kubelet
container_cpu_usage_seconds_total,1753847149,1.603589,container_cpu_usage_seconds_total,total,https-metrics,/kubepods/burstable/podf1dc3ba2-10f4-4011-a6e8-723ab747d1a5/eeb42031f6296f0b3b2646307367f4559c4edf4a6d202877dafc9b987509faf7,192.168.49.2:10250,kubelet,/metrics/cadvisor,minikube,kubelet
container_cpu_usage_seconds_total,1753847209,1.9742308,container_cpu_usage_seconds_total,total,https-metrics,/kubepods/burstable/podf1dc3ba2-10f4-4011-a6e8-723ab747d1a5/eeb42031f6296f0b3b2646307367f4559c4edf4a6d202877dafc9b987509faf7,192.168.49.2:10250,kubelet,/metrics/cadvisor,minikube,kubelet
container_cpu_usage_seconds_total,1753847419,3.8485477,container_cpu_usage_seconds_total,total,https-metrics,/kubepods/burstable/podf1dc3ba2-10f4-4011-a6e8-723ab747d1a5/eeb42031f6296f0b3b2646307367f4559c4edf4a6d202877dafc9b987509faf7,192.168.49.2:10250,kubelet,/metrics/cadvisor,minikube,kubelet
container_cpu_usage_seconds_total,1753847089,9.2867171,container_cpu_usage_seconds_total,total,https-metrics,/kubepods/burstable/podfeee622ba49882ef945e2406d3ba86df,192.168.49.2:10250,kubelet,/metrics/cadvisor,minikube,kubelet
container_cpu_usage_seconds_total,1753847149,11.4187513,container_cpu_usage_seconds_total,total,https-metrics,/kubepods/burstable/podfeee622ba49882ef945e2406d3ba86df,192.168.49.2:10250,kubelet,/metrics/cadvisor,minikube,kubelet
container_cpu_usage_seconds_total,1753847209,14.6901358,container_cpu_usage_seconds_total,total,https-metrics,/kubepods/burstable/podfeee622ba49882ef945e2406d3ba86df,192.168.49.2:10250,kubelet,/metrics/cadvisor,minikube,kubelet
container_cpu_usage_seconds_total,1753847419,22.473573,container_cpu_usage_seconds_total,total,https-metrics,/kubepods/burstable/podfeee622ba49882ef945e2406d3ba86df,192.168.49.2:10250,kubelet,/metrics/cadvisor,minikube,kubelet
container_cpu_usage_seconds_total,1753847089,8.6476457,container_cpu_usage_seconds_total,total,https-metrics,/kubepods/burstable/podfeee622ba49882ef945e2406d3ba86df/7ccf382a9b75eb63debada0751a971d12f56311f2ab3f575246f53d1e7d32cb7,192.168.49.2:10250,kubelet,/metrics/cadvisor,minikube,kubelet
container_cpu_usage_seconds_total,1753847149,11.8586386,container_cpu_usage_seconds_total,total,https-metrics,/kubepods/burstable/podfeee622ba49882ef945e2406d3ba86df/7ccf382a9b75eb63debada0751a971d12f56311f2ab3f575246f53d1e7d32cb7,192.168.49.2:10250,kubelet,/metrics/cadvisor,minikube,kubelet
container_cpu_usage_seconds_total,1753847209,13.8271598,container_cpu_usage_seconds_total,total,https-metrics,/kubepods/burstable/podfeee622ba49882ef945e2406d3ba86df/7ccf382a9b75eb63debada0751a971d12f56311f2ab3f575246f53d1e7d32cb7,192.168.49.2:10250,kubelet,/metrics/cadvisor,minikube,kubelet
container_cpu_usage_seconds_total,1753847419,22.225902,container_cpu_usage_seconds_total,total,https-metrics,/kubepods/burstable/podfeee622ba49882ef945e2406d3ba86df/7ccf382a9b75eb63debada0751a971d12f56311f2ab3f575246f53d1e7d32cb7,192.168.49.2:10250,kubelet,/metrics/cadvisor,minikube,kubelet
container_cpu_usage_seconds_total,1753847089,0.0390132,container_cpu_usage_seconds_total,total,https-metrics,/kubepods/burstable/podfeee622ba49882ef945e2406d3ba86df/e9cc7a6cfac66b1806f8e55cb91c0c9bcbbd5fbaccd50231a02eac6fbf66dce7,192.168.49.2:10250,kubelet,/metrics/cadvisor,minikube,kubelet
container_cpu_usage_seconds_total,1753847149,0.0390132,container_cpu_usage_seconds_total,total,https-metrics,/kubepods/burstable/podfeee622ba49882ef945e2406d3ba86df/e9cc7a6cfac66b1806f8e55cb91c0c9bcbbd5fbaccd50231a02eac6fbf66dce7,192.168.49.2:10250,kubelet,/metrics/cadvisor,minikube,kubelet
container_cpu_usage_seconds_total,1753847209,0.0390132,container_cpu_usage_seconds_total,total,https-metrics,/kubepods/burstable/podfeee622ba49882ef945e2406d3ba86df/e9cc7a6cfac66b1806f8e55cb91c0c9bcbbd5fbaccd50231a02eac6fbf66dce7,192.168.49.2:10250,kubelet,/metrics/cadvisor,minikube,kubelet
container_cpu_usage_seconds_total,1753847419,0.0390132,container_cpu_usage_seconds_total,total,https-metrics,/kubepods/burstable/podfeee622ba49882ef945e2406d3ba86df/e9cc7a6cfac66b1806f8e55cb91c0c9bcbbd5fbaccd50231a02eac6fbf66dce7,192.168.49.2:10250,kubelet,/metrics/cadvisor,minikube,kubelet
