name,timestamp,value,__name__,container,instance,job,namespace,owner_is_controller,owner_kind,owner_name,pod,uid
kube_pod_owner,1753847024,1,kube_pod_owner,kube-rbac-proxy-main,10.244.0.5:8443,kube-state-metrics,experiment-tcc,true,ReplicaSet,otel-o11y-ob3-af-beta-opentelemetry-collector-7fcb89d8d8,otel-o11y-ob3-af-beta-opentelemetry-collector-7fcb89d8d8-98tgl,42148726-89f7-40b4-94b8-a1c4a18bcc9d
kube_pod_owner,1753847084,1,kube_pod_owner,kube-rbac-proxy-main,10.244.0.5:8443,kube-state-metrics,experiment-tcc,true,ReplicaSet,otel-o11y-ob3-af-beta-opentelemetry-collector-7fcb89d8d8,otel-o11y-ob3-af-beta-opentelemetry-collector-7fcb89d8d8-98tgl,42148726-89f7-40b4-94b8-a1c4a18bcc9d
kube_pod_owner,1753847114,1,kube_pod_owner,kube-rbac-proxy-main,10.244.0.5:8443,kube-state-metrics,experiment-tcc,true,ReplicaSet,otel-o11y-ob3-af-beta-opentelemetry-collector-7fcb89d8d8,otel-o11y-ob3-af-beta-opentelemetry-collector-7fcb89d8d8-98tgl,42148726-89f7-40b4-94b8-a1c4a18bcc9d
kube_pod_owner,1753847144,1,kube_pod_owner,kube-rbac-proxy-main,10.244.0.5:8443,kube-state-metrics,experiment-tcc,true,ReplicaSet,otel-o11y-ob3-af-beta-opentelemetry-collector-7fcb89d8d8,otel-o11y-ob3-af-beta-opentelemetry-collector-7fcb89d8d8-98tgl,42148726-89f7-40b4-94b8-a1c4a18bcc9d
kube_pod_owner,1753847174,1,kube_pod_owner,kube-rbac-proxy-main,10.244.0.5:8443,kube-state-metrics,experiment-tcc,true,ReplicaSet,otel-o11y-ob3-af-beta-opentelemetry-collector-7fcb89d8d8,otel-o11y-ob3-af-beta-opentelemetry-collector-7fcb89d8d8-98tgl,42148726-89f7-40b4-94b8-a1c4a18bcc9d
kube_pod_owner,1753847204,1,kube_pod_owner,kube-rbac-proxy-main,10.244.0.5:8443,kube-state-metrics,experiment-tcc,true,ReplicaSet,otel-o11y-ob3-af-beta-opentelemetry-collector-7fcb89d8d8,otel-o11y-ob3-af-beta-opentelemetry-collector-7fcb89d8d8-98tgl,42148726-89f7-40b4-94b8-a1c4a18bcc9d
kube_pod_owner,1753847234,1,kube_pod_owner,kube-rbac-proxy-main,10.244.0.5:8443,kube-state-metrics,experiment-tcc,true,ReplicaSet,otel-o11y-ob3-af-beta-opentelemetry-collector-7fcb89d8d8,otel-o11y-ob3-af-beta-opentelemetry-collector-7fcb89d8d8-98tgl,42148726-89f7-40b4-94b8-a1c4a18bcc9d
kube_pod_owner,1753847264,1,kube_pod_owner,kube-rbac-proxy-main,10.244.0.5:8443,kube-state-metrics,experiment-tcc,true,ReplicaSet,otel-o11y-ob3-af-beta-opentelemetry-collector-7fcb89d8d8,otel-o11y-ob3-af-beta-opentelemetry-collector-7fcb89d8d8-98tgl,42148726-89f7-40b4-94b8-a1c4a18bcc9d
kube_pod_owner,1753847294,1,kube_pod_owner,kube-rbac-proxy-main,10.244.0.5:8443,kube-state-metrics,experiment-tcc,true,ReplicaSet,otel-o11y-ob3-af-beta-opentelemetry-collector-7fcb89d8d8,otel-o11y-ob3-af-beta-opentelemetry-collector-7fcb89d8d8-98tgl,42148726-89f7-40b4-94b8-a1c4a18bcc9d
kube_pod_owner,1753847324,1,kube_pod_owner,kube-rbac-proxy-main,10.244.0.5:8443,kube-state-metrics,experiment-tcc,true,ReplicaSet,otel-o11y-ob3-af-beta-opentelemetry-collector-7fcb89d8d8,otel-o11y-ob3-af-beta-opentelemetry-collector-7fcb89d8d8-98tgl,42148726-89f7-40b4-94b8-a1c4a18bcc9d
kube_pod_owner,1753847354,1,kube_pod_owner,kube-rbac-proxy-main,10.244.0.5:8443,kube-state-metrics,experiment-tcc,true,ReplicaSet,otel-o11y-ob3-af-beta-opentelemetry-collector-7fcb89d8d8,otel-o11y-ob3-af-beta-opentelemetry-collector-7fcb89d8d8-98tgl,42148726-89f7-40b4-94b8-a1c4a18bcc9d
kube_pod_owner,1753847384,1,kube_pod_owner,kube-rbac-proxy-main,10.244.0.5:8443,kube-state-metrics,experiment-tcc,true,ReplicaSet,otel-o11y-ob3-af-beta-opentelemetry-collector-7fcb89d8d8,otel-o11y-ob3-af-beta-opentelemetry-collector-7fcb89d8d8-98tgl,42148726-89f7-40b4-94b8-a1c4a18bcc9d
kube_pod_owner,1753847024,1,kube_pod_owner,kube-rbac-proxy-main,10.244.0.5:8443,kube-state-metrics,experiment-tcc,true,ReplicaSet,otel-o11y-ob3-af-beta-opentelemetry-collector-7fcb89d8d8,otel-o11y-ob3-af-beta-opentelemetry-collector-7fcb89d8d8-bshvf,3fa84667-5f28-4004-911e-a56dcdc6b208
kube_pod_owner,1753847084,1,kube_pod_owner,kube-rbac-proxy-main,10.244.0.5:8443,kube-state-metrics,experiment-tcc,true,ReplicaSet,otel-o11y-ob3-af-beta-opentelemetry-collector-7fcb89d8d8,otel-o11y-ob3-af-beta-opentelemetry-collector-7fcb89d8d8-bshvf,3fa84667-5f28-4004-911e-a56dcdc6b208
kube_pod_owner,1753847114,1,kube_pod_owner,kube-rbac-proxy-main,10.244.0.5:8443,kube-state-metrics,experiment-tcc,true,ReplicaSet,otel-o11y-ob3-af-beta-opentelemetry-collector-7fcb89d8d8,otel-o11y-ob3-af-beta-opentelemetry-collector-7fcb89d8d8-bshvf,3fa84667-5f28-4004-911e-a56dcdc6b208
kube_pod_owner,1753847144,1,kube_pod_owner,kube-rbac-proxy-main,10.244.0.5:8443,kube-state-metrics,experiment-tcc,true,ReplicaSet,otel-o11y-ob3-af-beta-opentelemetry-collector-7fcb89d8d8,otel-o11y-ob3-af-beta-opentelemetry-collector-7fcb89d8d8-bshvf,3fa84667-5f28-4004-911e-a56dcdc6b208
kube_pod_owner,1753847174,1,kube_pod_owner,kube-rbac-proxy-main,10.244.0.5:8443,kube-state-metrics,experiment-tcc,true,ReplicaSet,otel-o11y-ob3-af-beta-opentelemetry-collector-7fcb89d8d8,otel-o11y-ob3-af-beta-opentelemetry-collector-7fcb89d8d8-bshvf,3fa84667-5f28-4004-911e-a56dcdc6b208
kube_pod_owner,1753847204,1,kube_pod_owner,kube-rbac-proxy-main,10.244.0.5:8443,kube-state-metrics,experiment-tcc,true,ReplicaSet,otel-o11y-ob3-af-beta-opentelemetry-collector-7fcb89d8d8,otel-o11y-ob3-af-beta-opentelemetry-collector-7fcb89d8d8-bshvf,3fa84667-5f28-4004-911e-a56dcdc6b208
kube_pod_owner,1753847234,1,kube_pod_owner,kube-rbac-proxy-main,10.244.0.5:8443,kube-state-metrics,experiment-tcc,true,ReplicaSet,otel-o11y-ob3-af-beta-opentelemetry-collector-7fcb89d8d8,otel-o11y-ob3-af-beta-opentelemetry-collector-7fcb89d8d8-bshvf,3fa84667-5f28-4004-911e-a56dcdc6b208
kube_pod_owner,1753847264,1,kube_pod_owner,kube-rbac-proxy-main,10.244.0.5:8443,kube-state-metrics,experiment-tcc,true,ReplicaSet,otel-o11y-ob3-af-beta-opentelemetry-collector-7fcb89d8d8,otel-o11y-ob3-af-beta-opentelemetry-collector-7fcb89d8d8-bshvf,3fa84667-5f28-4004-911e-a56dcdc6b208
kube_pod_owner,1753847294,1,kube_pod_owner,kube-rbac-proxy-main,10.244.0.5:8443,kube-state-metrics,experiment-tcc,true,ReplicaSet,otel-o11y-ob3-af-beta-opentelemetry-collector-7fcb89d8d8,otel-o11y-ob3-af-beta-opentelemetry-collector-7fcb89d8d8-bshvf,3fa84667-5f28-4004-911e-a56dcdc6b208
kube_pod_owner,1753847324,1,kube_pod_owner,kube-rbac-proxy-main,10.244.0.5:8443,kube-state-metrics,experiment-tcc,true,ReplicaSet,otel-o11y-ob3-af-beta-opentelemetry-collector-7fcb89d8d8,otel-o11y-ob3-af-beta-opentelemetry-collector-7fcb89d8d8-bshvf,3fa84667-5f28-4004-911e-a56dcdc6b208
kube_pod_owner,1753847354,1,kube_pod_owner,kube-rbac-proxy-main,10.244.0.5:8443,kube-state-metrics,experiment-tcc,true,ReplicaSet,otel-o11y-ob3-af-beta-opentelemetry-collector-7fcb89d8d8,otel-o11y-ob3-af-beta-opentelemetry-collector-7fcb89d8d8-bshvf,3fa84667-5f28-4004-911e-a56dcdc6b208
kube_pod_owner,1753847384,1,kube_pod_owner,kube-rbac-proxy-main,10.244.0.5:8443,kube-state-metrics,experiment-tcc,true,ReplicaSet,otel-o11y-ob3-af-beta-opentelemetry-collector-7fcb89d8d8,otel-o11y-ob3-af-beta-opentelemetry-collector-7fcb89d8d8-bshvf,3fa84667-5f28-4004-911e-a56dcdc6b208
kube_pod_owner,1753847024,1,kube_pod_owner,kube-rbac-proxy-main,10.244.0.5:8443,kube-state-metrics,experiment-tcc,true,ReplicaSet,otel-o11y-ob3-af-beta-opentelemetry-collector-7fcb89d8d8,otel-o11y-ob3-af-beta-opentelemetry-collector-7fcb89d8d8-dc7h7,9a35efdf-1ef2-4ad2-b984-ec3a4e3d3b62
kube_pod_owner,1753847084,1,kube_pod_owner,kube-rbac-proxy-main,10.244.0.5:8443,kube-state-metrics,experiment-tcc,true,ReplicaSet,otel-o11y-ob3-af-beta-opentelemetry-collector-7fcb89d8d8,otel-o11y-ob3-af-beta-opentelemetry-collector-7fcb89d8d8-dc7h7,9a35efdf-1ef2-4ad2-b984-ec3a4e3d3b62
kube_pod_owner,1753847114,1,kube_pod_owner,kube-rbac-proxy-main,10.244.0.5:8443,kube-state-metrics,experiment-tcc,true,ReplicaSet,otel-o11y-ob3-af-beta-opentelemetry-collector-7fcb89d8d8,otel-o11y-ob3-af-beta-opentelemetry-collector-7fcb89d8d8-dc7h7,9a35efdf-1ef2-4ad2-b984-ec3a4e3d3b62
kube_pod_owner,1753847144,1,kube_pod_owner,kube-rbac-proxy-main,10.244.0.5:8443,kube-state-metrics,experiment-tcc,true,ReplicaSet,otel-o11y-ob3-af-beta-opentelemetry-collector-7fcb89d8d8,otel-o11y-ob3-af-beta-opentelemetry-collector-7fcb89d8d8-dc7h7,9a35efdf-1ef2-4ad2-b984-ec3a4e3d3b62
kube_pod_owner,1753847174,1,kube_pod_owner,kube-rbac-proxy-main,10.244.0.5:8443,kube-state-metrics,experiment-tcc,true,ReplicaSet,otel-o11y-ob3-af-beta-opentelemetry-collector-7fcb89d8d8,otel-o11y-ob3-af-beta-opentelemetry-collector-7fcb89d8d8-dc7h7,9a35efdf-1ef2-4ad2-b984-ec3a4e3d3b62
kube_pod_owner,1753847204,1,kube_pod_owner,kube-rbac-proxy-main,10.244.0.5:8443,kube-state-metrics,experiment-tcc,true,ReplicaSet,otel-o11y-ob3-af-beta-opentelemetry-collector-7fcb89d8d8,otel-o11y-ob3-af-beta-opentelemetry-collector-7fcb89d8d8-dc7h7,9a35efdf-1ef2-4ad2-b984-ec3a4e3d3b62
kube_pod_owner,1753847234,1,kube_pod_owner,kube-rbac-proxy-main,10.244.0.5:8443,kube-state-metrics,experiment-tcc,true,ReplicaSet,otel-o11y-ob3-af-beta-opentelemetry-collector-7fcb89d8d8,otel-o11y-ob3-af-beta-opentelemetry-collector-7fcb89d8d8-dc7h7,9a35efdf-1ef2-4ad2-b984-ec3a4e3d3b62
kube_pod_owner,1753847264,1,kube_pod_owner,kube-rbac-proxy-main,10.244.0.5:8443,kube-state-metrics,experiment-tcc,true,ReplicaSet,otel-o11y-ob3-af-beta-opentelemetry-collector-7fcb89d8d8,otel-o11y-ob3-af-beta-opentelemetry-collector-7fcb89d8d8-dc7h7,9a35efdf-1ef2-4ad2-b984-ec3a4e3d3b62
kube_pod_owner,1753847294,1,kube_pod_owner,kube-rbac-proxy-main,10.244.0.5:8443,kube-state-metrics,experiment-tcc,true,ReplicaSet,otel-o11y-ob3-af-beta-opentelemetry-collector-7fcb89d8d8,otel-o11y-ob3-af-beta-opentelemetry-collector-7fcb89d8d8-dc7h7,9a35efdf-1ef2-4ad2-b984-ec3a4e3d3b62
kube_pod_owner,1753847324,1,kube_pod_owner,kube-rbac-proxy-main,10.244.0.5:8443,kube-state-metrics,experiment-tcc,true,ReplicaSet,otel-o11y-ob3-af-beta-opentelemetry-collector-7fcb89d8d8,otel-o11y-ob3-af-beta-opentelemetry-collector-7fcb89d8d8-dc7h7,9a35efdf-1ef2-4ad2-b984-ec3a4e3d3b62
kube_pod_owner,1753847354,1,kube_pod_owner,kube-rbac-proxy-main,10.244.0.5:8443,kube-state-metrics,experiment-tcc,true,ReplicaSet,otel-o11y-ob3-af-beta-opentelemetry-collector-7fcb89d8d8,otel-o11y-ob3-af-beta-opentelemetry-collector-7fcb89d8d8-dc7h7,9a35efdf-1ef2-4ad2-b984-ec3a4e3d3b62
kube_pod_owner,1753847384,1,kube_pod_owner,kube-rbac-proxy-main,10.244.0.5:8443,kube-state-metrics,experiment-tcc,true,ReplicaSet,otel-o11y-ob3-af-beta-opentelemetry-collector-7fcb89d8d8,otel-o11y-ob3-af-beta-opentelemetry-collector-7fcb89d8d8-dc7h7,9a35efdf-1ef2-4ad2-b984-ec3a4e3d3b62
kube_pod_owner,1753847024,1,kube_pod_owner,kube-rbac-proxy-main,10.244.0.5:8443,kube-state-metrics,experiment-tcc,true,ReplicaSet,otel-o11y-ob3-af-beta-opentelemetry-collector-7fcb89d8d8,otel-o11y-ob3-af-beta-opentelemetry-collector-7fcb89d8d8-fcrzk,ec13cb9f-8e3f-4b7e-814f-f85569430ee5
kube_pod_owner,1753847084,1,kube_pod_owner,kube-rbac-proxy-main,10.244.0.5:8443,kube-state-metrics,experiment-tcc,true,ReplicaSet,otel-o11y-ob3-af-beta-opentelemetry-collector-7fcb89d8d8,otel-o11y-ob3-af-beta-opentelemetry-collector-7fcb89d8d8-fcrzk,ec13cb9f-8e3f-4b7e-814f-f85569430ee5
kube_pod_owner,1753847114,1,kube_pod_owner,kube-rbac-proxy-main,10.244.0.5:8443,kube-state-metrics,experiment-tcc,true,ReplicaSet,otel-o11y-ob3-af-beta-opentelemetry-collector-7fcb89d8d8,otel-o11y-ob3-af-beta-opentelemetry-collector-7fcb89d8d8-fcrzk,ec13cb9f-8e3f-4b7e-814f-f85569430ee5
kube_pod_owner,1753847144,1,kube_pod_owner,kube-rbac-proxy-main,10.244.0.5:8443,kube-state-metrics,experiment-tcc,true,ReplicaSet,otel-o11y-ob3-af-beta-opentelemetry-collector-7fcb89d8d8,otel-o11y-ob3-af-beta-opentelemetry-collector-7fcb89d8d8-fcrzk,ec13cb9f-8e3f-4b7e-814f-f85569430ee5
kube_pod_owner,1753847174,1,kube_pod_owner,kube-rbac-proxy-main,10.244.0.5:8443,kube-state-metrics,experiment-tcc,true,ReplicaSet,otel-o11y-ob3-af-beta-opentelemetry-collector-7fcb89d8d8,otel-o11y-ob3-af-beta-opentelemetry-collector-7fcb89d8d8-fcrzk,ec13cb9f-8e3f-4b7e-814f-f85569430ee5
kube_pod_owner,1753847204,1,kube_pod_owner,kube-rbac-proxy-main,10.244.0.5:8443,kube-state-metrics,experiment-tcc,true,ReplicaSet,otel-o11y-ob3-af-beta-opentelemetry-collector-7fcb89d8d8,otel-o11y-ob3-af-beta-opentelemetry-collector-7fcb89d8d8-fcrzk,ec13cb9f-8e3f-4b7e-814f-f85569430ee5
kube_pod_owner,1753847234,1,kube_pod_owner,kube-rbac-proxy-main,10.244.0.5:8443,kube-state-metrics,experiment-tcc,true,ReplicaSet,otel-o11y-ob3-af-beta-opentelemetry-collector-7fcb89d8d8,otel-o11y-ob3-af-beta-opentelemetry-collector-7fcb89d8d8-fcrzk,ec13cb9f-8e3f-4b7e-814f-f85569430ee5
kube_pod_owner,1753847264,1,kube_pod_owner,kube-rbac-proxy-main,10.244.0.5:8443,kube-state-metrics,experiment-tcc,true,ReplicaSet,otel-o11y-ob3-af-beta-opentelemetry-collector-7fcb89d8d8,otel-o11y-ob3-af-beta-opentelemetry-collector-7fcb89d8d8-fcrzk,ec13cb9f-8e3f-4b7e-814f-f85569430ee5
kube_pod_owner,1753847294,1,kube_pod_owner,kube-rbac-proxy-main,10.244.0.5:8443,kube-state-metrics,experiment-tcc,true,ReplicaSet,otel-o11y-ob3-af-beta-opentelemetry-collector-7fcb89d8d8,otel-o11y-ob3-af-beta-opentelemetry-collector-7fcb89d8d8-fcrzk,ec13cb9f-8e3f-4b7e-814f-f85569430ee5
kube_pod_owner,1753847324,1,kube_pod_owner,kube-rbac-proxy-main,10.244.0.5:8443,kube-state-metrics,experiment-tcc,true,ReplicaSet,otel-o11y-ob3-af-beta-opentelemetry-collector-7fcb89d8d8,otel-o11y-ob3-af-beta-opentelemetry-collector-7fcb89d8d8-fcrzk,ec13cb9f-8e3f-4b7e-814f-f85569430ee5
kube_pod_owner,1753847354,1,kube_pod_owner,kube-rbac-proxy-main,10.244.0.5:8443,kube-state-metrics,experiment-tcc,true,ReplicaSet,otel-o11y-ob3-af-beta-opentelemetry-collector-7fcb89d8d8,otel-o11y-ob3-af-beta-opentelemetry-collector-7fcb89d8d8-fcrzk,ec13cb9f-8e3f-4b7e-814f-f85569430ee5
kube_pod_owner,1753847384,1,kube_pod_owner,kube-rbac-proxy-main,10.244.0.5:8443,kube-state-metrics,experiment-tcc,true,ReplicaSet,otel-o11y-ob3-af-beta-opentelemetry-collector-7fcb89d8d8,otel-o11y-ob3-af-beta-opentelemetry-collector-7fcb89d8d8-fcrzk,ec13cb9f-8e3f-4b7e-814f-f85569430ee5
kube_pod_owner,1753847024,1,kube_pod_owner,kube-rbac-proxy-main,10.244.0.5:8443,kube-state-metrics,experiment-tcc,true,ReplicaSet,otel-o11y-ob3-af-beta-opentelemetry-collector-7fcb89d8d8,otel-o11y-ob3-af-beta-opentelemetry-collector-7fcb89d8d8-fjsxt,8c0a2889-58a5-4205-8507-2ca13fdf0d04
kube_pod_owner,1753847084,1,kube_pod_owner,kube-rbac-proxy-main,10.244.0.5:8443,kube-state-metrics,experiment-tcc,true,ReplicaSet,otel-o11y-ob3-af-beta-opentelemetry-collector-7fcb89d8d8,otel-o11y-ob3-af-beta-opentelemetry-collector-7fcb89d8d8-fjsxt,8c0a2889-58a5-4205-8507-2ca13fdf0d04
kube_pod_owner,1753847114,1,kube_pod_owner,kube-rbac-proxy-main,10.244.0.5:8443,kube-state-metrics,experiment-tcc,true,ReplicaSet,otel-o11y-ob3-af-beta-opentelemetry-collector-7fcb89d8d8,otel-o11y-ob3-af-beta-opentelemetry-collector-7fcb89d8d8-fjsxt,8c0a2889-58a5-4205-8507-2ca13fdf0d04
kube_pod_owner,1753847144,1,kube_pod_owner,kube-rbac-proxy-main,10.244.0.5:8443,kube-state-metrics,experiment-tcc,true,ReplicaSet,otel-o11y-ob3-af-beta-opentelemetry-collector-7fcb89d8d8,otel-o11y-ob3-af-beta-opentelemetry-collector-7fcb89d8d8-fjsxt,8c0a2889-58a5-4205-8507-2ca13fdf0d04
kube_pod_owner,1753847174,1,kube_pod_owner,kube-rbac-proxy-main,10.244.0.5:8443,kube-state-metrics,experiment-tcc,true,ReplicaSet,otel-o11y-ob3-af-beta-opentelemetry-collector-7fcb89d8d8,otel-o11y-ob3-af-beta-opentelemetry-collector-7fcb89d8d8-fjsxt,8c0a2889-58a5-4205-8507-2ca13fdf0d04
kube_pod_owner,1753847204,1,kube_pod_owner,kube-rbac-proxy-main,10.244.0.5:8443,kube-state-metrics,experiment-tcc,true,ReplicaSet,otel-o11y-ob3-af-beta-opentelemetry-collector-7fcb89d8d8,otel-o11y-ob3-af-beta-opentelemetry-collector-7fcb89d8d8-fjsxt,8c0a2889-58a5-4205-8507-2ca13fdf0d04
kube_pod_owner,1753847234,1,kube_pod_owner,kube-rbac-proxy-main,10.244.0.5:8443,kube-state-metrics,experiment-tcc,true,ReplicaSet,otel-o11y-ob3-af-beta-opentelemetry-collector-7fcb89d8d8,otel-o11y-ob3-af-beta-opentelemetry-collector-7fcb89d8d8-fjsxt,8c0a2889-58a5-4205-8507-2ca13fdf0d04
kube_pod_owner,1753847264,1,kube_pod_owner,kube-rbac-proxy-main,10.244.0.5:8443,kube-state-metrics,experiment-tcc,true,ReplicaSet,otel-o11y-ob3-af-beta-opentelemetry-collector-7fcb89d8d8,otel-o11y-ob3-af-beta-opentelemetry-collector-7fcb89d8d8-fjsxt,8c0a2889-58a5-4205-8507-2ca13fdf0d04
kube_pod_owner,1753847294,1,kube_pod_owner,kube-rbac-proxy-main,10.244.0.5:8443,kube-state-metrics,experiment-tcc,true,ReplicaSet,otel-o11y-ob3-af-beta-opentelemetry-collector-7fcb89d8d8,otel-o11y-ob3-af-beta-opentelemetry-collector-7fcb89d8d8-fjsxt,8c0a2889-58a5-4205-8507-2ca13fdf0d04
kube_pod_owner,1753847324,1,kube_pod_owner,kube-rbac-proxy-main,10.244.0.5:8443,kube-state-metrics,experiment-tcc,true,ReplicaSet,otel-o11y-ob3-af-beta-opentelemetry-collector-7fcb89d8d8,otel-o11y-ob3-af-beta-opentelemetry-collector-7fcb89d8d8-fjsxt,8c0a2889-58a5-4205-8507-2ca13fdf0d04
kube_pod_owner,1753847354,1,kube_pod_owner,kube-rbac-proxy-main,10.244.0.5:8443,kube-state-metrics,experiment-tcc,true,ReplicaSet,otel-o11y-ob3-af-beta-opentelemetry-collector-7fcb89d8d8,otel-o11y-ob3-af-beta-opentelemetry-collector-7fcb89d8d8-fjsxt,8c0a2889-58a5-4205-8507-2ca13fdf0d04
kube_pod_owner,1753847384,1,kube_pod_owner,kube-rbac-proxy-main,10.244.0.5:8443,kube-state-metrics,experiment-tcc,true,ReplicaSet,otel-o11y-ob3-af-beta-opentelemetry-collector-7fcb89d8d8,otel-o11y-ob3-af-beta-opentelemetry-collector-7fcb89d8d8-fjsxt,8c0a2889-58a5-4205-8507-2ca13fdf0d04
kube_pod_owner,1753847024,1,kube_pod_owner,kube-rbac-proxy-main,10.244.0.5:8443,kube-state-metrics,experiment-tcc,true,ReplicaSet,otel-o11y-ob3-af-beta-opentelemetry-collector-7fcb89d8d8,otel-o11y-ob3-af-beta-opentelemetry-collector-7fcb89d8d8-fm6xh,50d72a93-d618-434c-8f23-658dc02d25ec
kube_pod_owner,1753847084,1,kube_pod_owner,kube-rbac-proxy-main,10.244.0.5:8443,kube-state-metrics,experiment-tcc,true,ReplicaSet,otel-o11y-ob3-af-beta-opentelemetry-collector-7fcb89d8d8,otel-o11y-ob3-af-beta-opentelemetry-collector-7fcb89d8d8-fm6xh,50d72a93-d618-434c-8f23-658dc02d25ec
kube_pod_owner,1753847114,1,kube_pod_owner,kube-rbac-proxy-main,10.244.0.5:8443,kube-state-metrics,experiment-tcc,true,ReplicaSet,otel-o11y-ob3-af-beta-opentelemetry-collector-7fcb89d8d8,otel-o11y-ob3-af-beta-opentelemetry-collector-7fcb89d8d8-fm6xh,50d72a93-d618-434c-8f23-658dc02d25ec
kube_pod_owner,1753847144,1,kube_pod_owner,kube-rbac-proxy-main,10.244.0.5:8443,kube-state-metrics,experiment-tcc,true,ReplicaSet,otel-o11y-ob3-af-beta-opentelemetry-collector-7fcb89d8d8,otel-o11y-ob3-af-beta-opentelemetry-collector-7fcb89d8d8-fm6xh,50d72a93-d618-434c-8f23-658dc02d25ec
kube_pod_owner,1753847174,1,kube_pod_owner,kube-rbac-proxy-main,10.244.0.5:8443,kube-state-metrics,experiment-tcc,true,ReplicaSet,otel-o11y-ob3-af-beta-opentelemetry-collector-7fcb89d8d8,otel-o11y-ob3-af-beta-opentelemetry-collector-7fcb89d8d8-fm6xh,50d72a93-d618-434c-8f23-658dc02d25ec
kube_pod_owner,1753847204,1,kube_pod_owner,kube-rbac-proxy-main,10.244.0.5:8443,kube-state-metrics,experiment-tcc,true,ReplicaSet,otel-o11y-ob3-af-beta-opentelemetry-collector-7fcb89d8d8,otel-o11y-ob3-af-beta-opentelemetry-collector-7fcb89d8d8-fm6xh,50d72a93-d618-434c-8f23-658dc02d25ec
kube_pod_owner,1753847234,1,kube_pod_owner,kube-rbac-proxy-main,10.244.0.5:8443,kube-state-metrics,experiment-tcc,true,ReplicaSet,otel-o11y-ob3-af-beta-opentelemetry-collector-7fcb89d8d8,otel-o11y-ob3-af-beta-opentelemetry-collector-7fcb89d8d8-fm6xh,50d72a93-d618-434c-8f23-658dc02d25ec
kube_pod_owner,1753847264,1,kube_pod_owner,kube-rbac-proxy-main,10.244.0.5:8443,kube-state-metrics,experiment-tcc,true,ReplicaSet,otel-o11y-ob3-af-beta-opentelemetry-collector-7fcb89d8d8,otel-o11y-ob3-af-beta-opentelemetry-collector-7fcb89d8d8-fm6xh,50d72a93-d618-434c-8f23-658dc02d25ec
kube_pod_owner,1753847294,1,kube_pod_owner,kube-rbac-proxy-main,10.244.0.5:8443,kube-state-metrics,experiment-tcc,true,ReplicaSet,otel-o11y-ob3-af-beta-opentelemetry-collector-7fcb89d8d8,otel-o11y-ob3-af-beta-opentelemetry-collector-7fcb89d8d8-fm6xh,50d72a93-d618-434c-8f23-658dc02d25ec
kube_pod_owner,1753847324,1,kube_pod_owner,kube-rbac-proxy-main,10.244.0.5:8443,kube-state-metrics,experiment-tcc,true,ReplicaSet,otel-o11y-ob3-af-beta-opentelemetry-collector-7fcb89d8d8,otel-o11y-ob3-af-beta-opentelemetry-collector-7fcb89d8d8-fm6xh,50d72a93-d618-434c-8f23-658dc02d25ec
kube_pod_owner,1753847354,1,kube_pod_owner,kube-rbac-proxy-main,10.244.0.5:8443,kube-state-metrics,experiment-tcc,true,ReplicaSet,otel-o11y-ob3-af-beta-opentelemetry-collector-7fcb89d8d8,otel-o11y-ob3-af-beta-opentelemetry-collector-7fcb89d8d8-fm6xh,50d72a93-d618-434c-8f23-658dc02d25ec
kube_pod_owner,1753847384,1,kube_pod_owner,kube-rbac-proxy-main,10.244.0.5:8443,kube-state-metrics,experiment-tcc,true,ReplicaSet,otel-o11y-ob3-af-beta-opentelemetry-collector-7fcb89d8d8,otel-o11y-ob3-af-beta-opentelemetry-collector-7fcb89d8d8-fm6xh,50d72a93-d618-434c-8f23-658dc02d25ec
kube_pod_owner,1753847024,1,kube_pod_owner,kube-rbac-proxy-main,10.244.0.5:8443,kube-state-metrics,experiment-tcc,true,ReplicaSet,otel-o11y-ob3-af-beta-opentelemetry-collector-7fcb89d8d8,otel-o11y-ob3-af-beta-opentelemetry-collector-7fcb89d8d8-gtxvc,42568a50-95d8-47ac-b146-d9b1a11bf5f6
kube_pod_owner,1753847084,1,kube_pod_owner,kube-rbac-proxy-main,10.244.0.5:8443,kube-state-metrics,experiment-tcc,true,ReplicaSet,otel-o11y-ob3-af-beta-opentelemetry-collector-7fcb89d8d8,otel-o11y-ob3-af-beta-opentelemetry-collector-7fcb89d8d8-gtxvc,42568a50-95d8-47ac-b146-d9b1a11bf5f6
kube_pod_owner,1753847114,1,kube_pod_owner,kube-rbac-proxy-main,10.244.0.5:8443,kube-state-metrics,experiment-tcc,true,ReplicaSet,otel-o11y-ob3-af-beta-opentelemetry-collector-7fcb89d8d8,otel-o11y-ob3-af-beta-opentelemetry-collector-7fcb89d8d8-gtxvc,42568a50-95d8-47ac-b146-d9b1a11bf5f6
kube_pod_owner,1753847144,1,kube_pod_owner,kube-rbac-proxy-main,10.244.0.5:8443,kube-state-metrics,experiment-tcc,true,ReplicaSet,otel-o11y-ob3-af-beta-opentelemetry-collector-7fcb89d8d8,otel-o11y-ob3-af-beta-opentelemetry-collector-7fcb89d8d8-gtxvc,42568a50-95d8-47ac-b146-d9b1a11bf5f6
kube_pod_owner,1753847174,1,kube_pod_owner,kube-rbac-proxy-main,10.244.0.5:8443,kube-state-metrics,experiment-tcc,true,ReplicaSet,otel-o11y-ob3-af-beta-opentelemetry-collector-7fcb89d8d8,otel-o11y-ob3-af-beta-opentelemetry-collector-7fcb89d8d8-gtxvc,42568a50-95d8-47ac-b146-d9b1a11bf5f6
kube_pod_owner,1753847204,1,kube_pod_owner,kube-rbac-proxy-main,10.244.0.5:8443,kube-state-metrics,experiment-tcc,true,ReplicaSet,otel-o11y-ob3-af-beta-opentelemetry-collector-7fcb89d8d8,otel-o11y-ob3-af-beta-opentelemetry-collector-7fcb89d8d8-gtxvc,42568a50-95d8-47ac-b146-d9b1a11bf5f6
kube_pod_owner,1753847234,1,kube_pod_owner,kube-rbac-proxy-main,10.244.0.5:8443,kube-state-metrics,experiment-tcc,true,ReplicaSet,otel-o11y-ob3-af-beta-opentelemetry-collector-7fcb89d8d8,otel-o11y-ob3-af-beta-opentelemetry-collector-7fcb89d8d8-gtxvc,42568a50-95d8-47ac-b146-d9b1a11bf5f6
kube_pod_owner,1753847264,1,kube_pod_owner,kube-rbac-proxy-main,10.244.0.5:8443,kube-state-metrics,experiment-tcc,true,ReplicaSet,otel-o11y-ob3-af-beta-opentelemetry-collector-7fcb89d8d8,otel-o11y-ob3-af-beta-opentelemetry-collector-7fcb89d8d8-gtxvc,42568a50-95d8-47ac-b146-d9b1a11bf5f6
kube_pod_owner,1753847294,1,kube_pod_owner,kube-rbac-proxy-main,10.244.0.5:8443,kube-state-metrics,experiment-tcc,true,ReplicaSet,otel-o11y-ob3-af-beta-opentelemetry-collector-7fcb89d8d8,otel-o11y-ob3-af-beta-opentelemetry-collector-7fcb89d8d8-gtxvc,42568a50-95d8-47ac-b146-d9b1a11bf5f6
kube_pod_owner,1753847324,1,kube_pod_owner,kube-rbac-proxy-main,10.244.0.5:8443,kube-state-metrics,experiment-tcc,true,ReplicaSet,otel-o11y-ob3-af-beta-opentelemetry-collector-7fcb89d8d8,otel-o11y-ob3-af-beta-opentelemetry-collector-7fcb89d8d8-gtxvc,42568a50-95d8-47ac-b146-d9b1a11bf5f6
kube_pod_owner,1753847354,1,kube_pod_owner,kube-rbac-proxy-main,10.244.0.5:8443,kube-state-metrics,experiment-tcc,true,ReplicaSet,otel-o11y-ob3-af-beta-opentelemetry-collector-7fcb89d8d8,otel-o11y-ob3-af-beta-opentelemetry-collector-7fcb89d8d8-gtxvc,42568a50-95d8-47ac-b146-d9b1a11bf5f6
kube_pod_owner,1753847384,1,kube_pod_owner,kube-rbac-proxy-main,10.244.0.5:8443,kube-state-metrics,experiment-tcc,true,ReplicaSet,otel-o11y-ob3-af-beta-opentelemetry-collector-7fcb89d8d8,otel-o11y-ob3-af-beta-opentelemetry-collector-7fcb89d8d8-gtxvc,42568a50-95d8-47ac-b146-d9b1a11bf5f6
kube_pod_owner,1753847024,1,kube_pod_owner,kube-rbac-proxy-main,10.244.0.5:8443,kube-state-metrics,experiment-tcc,true,ReplicaSet,otel-o11y-ob3-af-beta-opentelemetry-collector-7fcb89d8d8,otel-o11y-ob3-af-beta-opentelemetry-collector-7fcb89d8d8-r8d7w,3e316748-c339-4c68-82df-c9e77d8dfe1e
kube_pod_owner,1753847084,1,kube_pod_owner,kube-rbac-proxy-main,10.244.0.5:8443,kube-state-metrics,experiment-tcc,true,ReplicaSet,otel-o11y-ob3-af-beta-opentelemetry-collector-7fcb89d8d8,otel-o11y-ob3-af-beta-opentelemetry-collector-7fcb89d8d8-r8d7w,3e316748-c339-4c68-82df-c9e77d8dfe1e
kube_pod_owner,1753847114,1,kube_pod_owner,kube-rbac-proxy-main,10.244.0.5:8443,kube-state-metrics,experiment-tcc,true,ReplicaSet,otel-o11y-ob3-af-beta-opentelemetry-collector-7fcb89d8d8,otel-o11y-ob3-af-beta-opentelemetry-collector-7fcb89d8d8-r8d7w,3e316748-c339-4c68-82df-c9e77d8dfe1e
kube_pod_owner,1753847144,1,kube_pod_owner,kube-rbac-proxy-main,10.244.0.5:8443,kube-state-metrics,experiment-tcc,true,ReplicaSet,otel-o11y-ob3-af-beta-opentelemetry-collector-7fcb89d8d8,otel-o11y-ob3-af-beta-opentelemetry-collector-7fcb89d8d8-r8d7w,3e316748-c339-4c68-82df-c9e77d8dfe1e
kube_pod_owner,1753847174,1,kube_pod_owner,kube-rbac-proxy-main,10.244.0.5:8443,kube-state-metrics,experiment-tcc,true,ReplicaSet,otel-o11y-ob3-af-beta-opentelemetry-collector-7fcb89d8d8,otel-o11y-ob3-af-beta-opentelemetry-collector-7fcb89d8d8-r8d7w,3e316748-c339-4c68-82df-c9e77d8dfe1e
kube_pod_owner,1753847204,1,kube_pod_owner,kube-rbac-proxy-main,10.244.0.5:8443,kube-state-metrics,experiment-tcc,true,ReplicaSet,otel-o11y-ob3-af-beta-opentelemetry-collector-7fcb89d8d8,otel-o11y-ob3-af-beta-opentelemetry-collector-7fcb89d8d8-r8d7w,3e316748-c339-4c68-82df-c9e77d8dfe1e
kube_pod_owner,1753847234,1,kube_pod_owner,kube-rbac-proxy-main,10.244.0.5:8443,kube-state-metrics,experiment-tcc,true,ReplicaSet,otel-o11y-ob3-af-beta-opentelemetry-collector-7fcb89d8d8,otel-o11y-ob3-af-beta-opentelemetry-collector-7fcb89d8d8-r8d7w,3e316748-c339-4c68-82df-c9e77d8dfe1e
kube_pod_owner,1753847264,1,kube_pod_owner,kube-rbac-proxy-main,10.244.0.5:8443,kube-state-metrics,experiment-tcc,true,ReplicaSet,otel-o11y-ob3-af-beta-opentelemetry-collector-7fcb89d8d8,otel-o11y-ob3-af-beta-opentelemetry-collector-7fcb89d8d8-r8d7w,3e316748-c339-4c68-82df-c9e77d8dfe1e
kube_pod_owner,1753847294,1,kube_pod_owner,kube-rbac-proxy-main,10.244.0.5:8443,kube-state-metrics,experiment-tcc,true,ReplicaSet,otel-o11y-ob3-af-beta-opentelemetry-collector-7fcb89d8d8,otel-o11y-ob3-af-beta-opentelemetry-collector-7fcb89d8d8-r8d7w,3e316748-c339-4c68-82df-c9e77d8dfe1e
kube_pod_owner,1753847324,1,kube_pod_owner,kube-rbac-proxy-main,10.244.0.5:8443,kube-state-metrics,experiment-tcc,true,ReplicaSet,otel-o11y-ob3-af-beta-opentelemetry-collector-7fcb89d8d8,otel-o11y-ob3-af-beta-opentelemetry-collector-7fcb89d8d8-r8d7w,3e316748-c339-4c68-82df-c9e77d8dfe1e
kube_pod_owner,1753847354,1,kube_pod_owner,kube-rbac-proxy-main,10.244.0.5:8443,kube-state-metrics,experiment-tcc,true,ReplicaSet,otel-o11y-ob3-af-beta-opentelemetry-collector-7fcb89d8d8,otel-o11y-ob3-af-beta-opentelemetry-collector-7fcb89d8d8-r8d7w,3e316748-c339-4c68-82df-c9e77d8dfe1e
kube_pod_owner,1753847384,1,kube_pod_owner,kube-rbac-proxy-main,10.244.0.5:8443,kube-state-metrics,experiment-tcc,true,ReplicaSet,otel-o11y-ob3-af-beta-opentelemetry-collector-7fcb89d8d8,otel-o11y-ob3-af-beta-opentelemetry-collector-7fcb89d8d8-r8d7w,3e316748-c339-4c68-82df-c9e77d8dfe1e
kube_pod_owner,1753847024,1,kube_pod_owner,kube-rbac-proxy-main,10.244.0.5:8443,kube-state-metrics,experiment-tcc,true,ReplicaSet,otel-o11y-ob3-af-beta-opentelemetry-collector-7fcb89d8d8,otel-o11y-ob3-af-beta-opentelemetry-collector-7fcb89d8d8-t54qq,bbca70e7-67d6-48ac-93f9-a12b20ab3cff
kube_pod_owner,1753847084,1,kube_pod_owner,kube-rbac-proxy-main,10.244.0.5:8443,kube-state-metrics,experiment-tcc,true,ReplicaSet,otel-o11y-ob3-af-beta-opentelemetry-collector-7fcb89d8d8,otel-o11y-ob3-af-beta-opentelemetry-collector-7fcb89d8d8-t54qq,bbca70e7-67d6-48ac-93f9-a12b20ab3cff
kube_pod_owner,1753847114,1,kube_pod_owner,kube-rbac-proxy-main,10.244.0.5:8443,kube-state-metrics,experiment-tcc,true,ReplicaSet,otel-o11y-ob3-af-beta-opentelemetry-collector-7fcb89d8d8,otel-o11y-ob3-af-beta-opentelemetry-collector-7fcb89d8d8-t54qq,bbca70e7-67d6-48ac-93f9-a12b20ab3cff
kube_pod_owner,1753847144,1,kube_pod_owner,kube-rbac-proxy-main,10.244.0.5:8443,kube-state-metrics,experiment-tcc,true,ReplicaSet,otel-o11y-ob3-af-beta-opentelemetry-collector-7fcb89d8d8,otel-o11y-ob3-af-beta-opentelemetry-collector-7fcb89d8d8-t54qq,bbca70e7-67d6-48ac-93f9-a12b20ab3cff
kube_pod_owner,1753847174,1,kube_pod_owner,kube-rbac-proxy-main,10.244.0.5:8443,kube-state-metrics,experiment-tcc,true,ReplicaSet,otel-o11y-ob3-af-beta-opentelemetry-collector-7fcb89d8d8,otel-o11y-ob3-af-beta-opentelemetry-collector-7fcb89d8d8-t54qq,bbca70e7-67d6-48ac-93f9-a12b20ab3cff
kube_pod_owner,1753847204,1,kube_pod_owner,kube-rbac-proxy-main,10.244.0.5:8443,kube-state-metrics,experiment-tcc,true,ReplicaSet,otel-o11y-ob3-af-beta-opentelemetry-collector-7fcb89d8d8,otel-o11y-ob3-af-beta-opentelemetry-collector-7fcb89d8d8-t54qq,bbca70e7-67d6-48ac-93f9-a12b20ab3cff
kube_pod_owner,1753847234,1,kube_pod_owner,kube-rbac-proxy-main,10.244.0.5:8443,kube-state-metrics,experiment-tcc,true,ReplicaSet,otel-o11y-ob3-af-beta-opentelemetry-collector-7fcb89d8d8,otel-o11y-ob3-af-beta-opentelemetry-collector-7fcb89d8d8-t54qq,bbca70e7-67d6-48ac-93f9-a12b20ab3cff
kube_pod_owner,1753847264,1,kube_pod_owner,kube-rbac-proxy-main,10.244.0.5:8443,kube-state-metrics,experiment-tcc,true,ReplicaSet,otel-o11y-ob3-af-beta-opentelemetry-collector-7fcb89d8d8,otel-o11y-ob3-af-beta-opentelemetry-collector-7fcb89d8d8-t54qq,bbca70e7-67d6-48ac-93f9-a12b20ab3cff
kube_pod_owner,1753847294,1,kube_pod_owner,kube-rbac-proxy-main,10.244.0.5:8443,kube-state-metrics,experiment-tcc,true,ReplicaSet,otel-o11y-ob3-af-beta-opentelemetry-collector-7fcb89d8d8,otel-o11y-ob3-af-beta-opentelemetry-collector-7fcb89d8d8-t54qq,bbca70e7-67d6-48ac-93f9-a12b20ab3cff
kube_pod_owner,1753847324,1,kube_pod_owner,kube-rbac-proxy-main,10.244.0.5:8443,kube-state-metrics,experiment-tcc,true,ReplicaSet,otel-o11y-ob3-af-beta-opentelemetry-collector-7fcb89d8d8,otel-o11y-ob3-af-beta-opentelemetry-collector-7fcb89d8d8-t54qq,bbca70e7-67d6-48ac-93f9-a12b20ab3cff
kube_pod_owner,1753847354,1,kube_pod_owner,kube-rbac-proxy-main,10.244.0.5:8443,kube-state-metrics,experiment-tcc,true,ReplicaSet,otel-o11y-ob3-af-beta-opentelemetry-collector-7fcb89d8d8,otel-o11y-ob3-af-beta-opentelemetry-collector-7fcb89d8d8-t54qq,bbca70e7-67d6-48ac-93f9-a12b20ab3cff
kube_pod_owner,1753847384,1,kube_pod_owner,kube-rbac-proxy-main,10.244.0.5:8443,kube-state-metrics,experiment-tcc,true,ReplicaSet,otel-o11y-ob3-af-beta-opentelemetry-collector-7fcb89d8d8,otel-o11y-ob3-af-beta-opentelemetry-collector-7fcb89d8d8-t54qq,bbca70e7-67d6-48ac-93f9-a12b20ab3cff
kube_pod_owner,1753847024,1,kube_pod_owner,kube-rbac-proxy-main,10.244.0.5:8443,kube-state-metrics,experiment-tcc,true,ReplicaSet,otel-o11y-ob3-af-beta-opentelemetry-collector-7fcb89d8d8,otel-o11y-ob3-af-beta-opentelemetry-collector-7fcb89d8d8-znggx,214bec1f-a057-4f98-a903-282f556348a5
kube_pod_owner,1753847084,1,kube_pod_owner,kube-rbac-proxy-main,10.244.0.5:8443,kube-state-metrics,experiment-tcc,true,ReplicaSet,otel-o11y-ob3-af-beta-opentelemetry-collector-7fcb89d8d8,otel-o11y-ob3-af-beta-opentelemetry-collector-7fcb89d8d8-znggx,214bec1f-a057-4f98-a903-282f556348a5
kube_pod_owner,1753847114,1,kube_pod_owner,kube-rbac-proxy-main,10.244.0.5:8443,kube-state-metrics,experiment-tcc,true,ReplicaSet,otel-o11y-ob3-af-beta-opentelemetry-collector-7fcb89d8d8,otel-o11y-ob3-af-beta-opentelemetry-collector-7fcb89d8d8-znggx,214bec1f-a057-4f98-a903-282f556348a5
kube_pod_owner,1753847144,1,kube_pod_owner,kube-rbac-proxy-main,10.244.0.5:8443,kube-state-metrics,experiment-tcc,true,ReplicaSet,otel-o11y-ob3-af-beta-opentelemetry-collector-7fcb89d8d8,otel-o11y-ob3-af-beta-opentelemetry-collector-7fcb89d8d8-znggx,214bec1f-a057-4f98-a903-282f556348a5
kube_pod_owner,1753847174,1,kube_pod_owner,kube-rbac-proxy-main,10.244.0.5:8443,kube-state-metrics,experiment-tcc,true,ReplicaSet,otel-o11y-ob3-af-beta-opentelemetry-collector-7fcb89d8d8,otel-o11y-ob3-af-beta-opentelemetry-collector-7fcb89d8d8-znggx,214bec1f-a057-4f98-a903-282f556348a5
kube_pod_owner,1753847204,1,kube_pod_owner,kube-rbac-proxy-main,10.244.0.5:8443,kube-state-metrics,experiment-tcc,true,ReplicaSet,otel-o11y-ob3-af-beta-opentelemetry-collector-7fcb89d8d8,otel-o11y-ob3-af-beta-opentelemetry-collector-7fcb89d8d8-znggx,214bec1f-a057-4f98-a903-282f556348a5
kube_pod_owner,1753847234,1,kube_pod_owner,kube-rbac-proxy-main,10.244.0.5:8443,kube-state-metrics,experiment-tcc,true,ReplicaSet,otel-o11y-ob3-af-beta-opentelemetry-collector-7fcb89d8d8,otel-o11y-ob3-af-beta-opentelemetry-collector-7fcb89d8d8-znggx,214bec1f-a057-4f98-a903-282f556348a5
kube_pod_owner,1753847264,1,kube_pod_owner,kube-rbac-proxy-main,10.244.0.5:8443,kube-state-metrics,experiment-tcc,true,ReplicaSet,otel-o11y-ob3-af-beta-opentelemetry-collector-7fcb89d8d8,otel-o11y-ob3-af-beta-opentelemetry-collector-7fcb89d8d8-znggx,214bec1f-a057-4f98-a903-282f556348a5
kube_pod_owner,1753847294,1,kube_pod_owner,kube-rbac-proxy-main,10.244.0.5:8443,kube-state-metrics,experiment-tcc,true,ReplicaSet,otel-o11y-ob3-af-beta-opentelemetry-collector-7fcb89d8d8,otel-o11y-ob3-af-beta-opentelemetry-collector-7fcb89d8d8-znggx,214bec1f-a057-4f98-a903-282f556348a5
kube_pod_owner,1753847324,1,kube_pod_owner,kube-rbac-proxy-main,10.244.0.5:8443,kube-state-metrics,experiment-tcc,true,ReplicaSet,otel-o11y-ob3-af-beta-opentelemetry-collector-7fcb89d8d8,otel-o11y-ob3-af-beta-opentelemetry-collector-7fcb89d8d8-znggx,214bec1f-a057-4f98-a903-282f556348a5
kube_pod_owner,1753847354,1,kube_pod_owner,kube-rbac-proxy-main,10.244.0.5:8443,kube-state-metrics,experiment-tcc,true,ReplicaSet,otel-o11y-ob3-af-beta-opentelemetry-collector-7fcb89d8d8,otel-o11y-ob3-af-beta-opentelemetry-collector-7fcb89d8d8-znggx,214bec1f-a057-4f98-a903-282f556348a5
kube_pod_owner,1753847384,1,kube_pod_owner,kube-rbac-proxy-main,10.244.0.5:8443,kube-state-metrics,experiment-tcc,true,ReplicaSet,otel-o11y-ob3-af-beta-opentelemetry-collector-7fcb89d8d8,otel-o11y-ob3-af-beta-opentelemetry-collector-7fcb89d8d8-znggx,214bec1f-a057-4f98-a903-282f556348a5
kube_pod_owner,1753847024,1,kube_pod_owner,kube-rbac-proxy-main,10.244.0.5:8443,kube-state-metrics,kube-system,true,DaemonSet,kube-proxy,kube-proxy-2dt89,69a45491-410c-4942-9e50-239bb38fc943
kube_pod_owner,1753847084,1,kube_pod_owner,kube-rbac-proxy-main,10.244.0.5:8443,kube-state-metrics,kube-system,true,DaemonSet,kube-proxy,kube-proxy-2dt89,69a45491-410c-4942-9e50-239bb38fc943
kube_pod_owner,1753847114,1,kube_pod_owner,kube-rbac-proxy-main,10.244.0.5:8443,kube-state-metrics,kube-system,true,DaemonSet,kube-proxy,kube-proxy-2dt89,69a45491-410c-4942-9e50-239bb38fc943
kube_pod_owner,1753847144,1,kube_pod_owner,kube-rbac-proxy-main,10.244.0.5:8443,kube-state-metrics,kube-system,true,DaemonSet,kube-proxy,kube-proxy-2dt89,69a45491-410c-4942-9e50-239bb38fc943
kube_pod_owner,1753847174,1,kube_pod_owner,kube-rbac-proxy-main,10.244.0.5:8443,kube-state-metrics,kube-system,true,DaemonSet,kube-proxy,kube-proxy-2dt89,69a45491-410c-4942-9e50-239bb38fc943
kube_pod_owner,1753847204,1,kube_pod_owner,kube-rbac-proxy-main,10.244.0.5:8443,kube-state-metrics,kube-system,true,DaemonSet,kube-proxy,kube-proxy-2dt89,69a45491-410c-4942-9e50-239bb38fc943
kube_pod_owner,1753847234,1,kube_pod_owner,kube-rbac-proxy-main,10.244.0.5:8443,kube-state-metrics,kube-system,true,DaemonSet,kube-proxy,kube-proxy-2dt89,69a45491-410c-4942-9e50-239bb38fc943
kube_pod_owner,1753847264,1,kube_pod_owner,kube-rbac-proxy-main,10.244.0.5:8443,kube-state-metrics,kube-system,true,DaemonSet,kube-proxy,kube-proxy-2dt89,69a45491-410c-4942-9e50-239bb38fc943
kube_pod_owner,1753847294,1,kube_pod_owner,kube-rbac-proxy-main,10.244.0.5:8443,kube-state-metrics,kube-system,true,DaemonSet,kube-proxy,kube-proxy-2dt89,69a45491-410c-4942-9e50-239bb38fc943
kube_pod_owner,1753847324,1,kube_pod_owner,kube-rbac-proxy-main,10.244.0.5:8443,kube-state-metrics,kube-system,true,DaemonSet,kube-proxy,kube-proxy-2dt89,69a45491-410c-4942-9e50-239bb38fc943
kube_pod_owner,1753847354,1,kube_pod_owner,kube-rbac-proxy-main,10.244.0.5:8443,kube-state-metrics,kube-system,true,DaemonSet,kube-proxy,kube-proxy-2dt89,69a45491-410c-4942-9e50-239bb38fc943
kube_pod_owner,1753847384,1,kube_pod_owner,kube-rbac-proxy-main,10.244.0.5:8443,kube-state-metrics,kube-system,true,DaemonSet,kube-proxy,kube-proxy-2dt89,69a45491-410c-4942-9e50-239bb38fc943
kube_pod_owner,1753847024,1,kube_pod_owner,kube-rbac-proxy-main,10.244.0.5:8443,kube-state-metrics,kube-system,true,DaemonSet,kube-proxy,kube-proxy-w9gfn,bd0a7db5-1733-4f94-a0ba-470e168b3de7
kube_pod_owner,1753847084,1,kube_pod_owner,kube-rbac-proxy-main,10.244.0.5:8443,kube-state-metrics,kube-system,true,DaemonSet,kube-proxy,kube-proxy-w9gfn,bd0a7db5-1733-4f94-a0ba-470e168b3de7
kube_pod_owner,1753847114,1,kube_pod_owner,kube-rbac-proxy-main,10.244.0.5:8443,kube-state-metrics,kube-system,true,DaemonSet,kube-proxy,kube-proxy-w9gfn,bd0a7db5-1733-4f94-a0ba-470e168b3de7
kube_pod_owner,1753847144,1,kube_pod_owner,kube-rbac-proxy-main,10.244.0.5:8443,kube-state-metrics,kube-system,true,DaemonSet,kube-proxy,kube-proxy-w9gfn,bd0a7db5-1733-4f94-a0ba-470e168b3de7
kube_pod_owner,1753847174,1,kube_pod_owner,kube-rbac-proxy-main,10.244.0.5:8443,kube-state-metrics,kube-system,true,DaemonSet,kube-proxy,kube-proxy-w9gfn,bd0a7db5-1733-4f94-a0ba-470e168b3de7
kube_pod_owner,1753847204,1,kube_pod_owner,kube-rbac-proxy-main,10.244.0.5:8443,kube-state-metrics,kube-system,true,DaemonSet,kube-proxy,kube-proxy-w9gfn,bd0a7db5-1733-4f94-a0ba-470e168b3de7
kube_pod_owner,1753847234,1,kube_pod_owner,kube-rbac-proxy-main,10.244.0.5:8443,kube-state-metrics,kube-system,true,DaemonSet,kube-proxy,kube-proxy-w9gfn,bd0a7db5-1733-4f94-a0ba-470e168b3de7
kube_pod_owner,1753847264,1,kube_pod_owner,kube-rbac-proxy-main,10.244.0.5:8443,kube-state-metrics,kube-system,true,DaemonSet,kube-proxy,kube-proxy-w9gfn,bd0a7db5-1733-4f94-a0ba-470e168b3de7
kube_pod_owner,1753847294,1,kube_pod_owner,kube-rbac-proxy-main,10.244.0.5:8443,kube-state-metrics,kube-system,true,DaemonSet,kube-proxy,kube-proxy-w9gfn,bd0a7db5-1733-4f94-a0ba-470e168b3de7
kube_pod_owner,1753847324,1,kube_pod_owner,kube-rbac-proxy-main,10.244.0.5:8443,kube-state-metrics,kube-system,true,DaemonSet,kube-proxy,kube-proxy-w9gfn,bd0a7db5-1733-4f94-a0ba-470e168b3de7
kube_pod_owner,1753847354,1,kube_pod_owner,kube-rbac-proxy-main,10.244.0.5:8443,kube-state-metrics,kube-system,true,DaemonSet,kube-proxy,kube-proxy-w9gfn,bd0a7db5-1733-4f94-a0ba-470e168b3de7
kube_pod_owner,1753847384,1,kube_pod_owner,kube-rbac-proxy-main,10.244.0.5:8443,kube-state-metrics,kube-system,true,DaemonSet,kube-proxy,kube-proxy-w9gfn,bd0a7db5-1733-4f94-a0ba-470e168b3de7
kube_pod_owner,1753847024,1,kube_pod_owner,kube-rbac-proxy-main,10.244.0.5:8443,kube-state-metrics,kube-system,true,Node,minikube,etcd-minikube,42b8db58-38c5-4af0-8dfe-916ed00ec608
kube_pod_owner,1753847084,1,kube_pod_owner,kube-rbac-proxy-main,10.244.0.5:8443,kube-state-metrics,kube-system,true,Node,minikube,etcd-minikube,42b8db58-38c5-4af0-8dfe-916ed00ec608
kube_pod_owner,1753847114,1,kube_pod_owner,kube-rbac-proxy-main,10.244.0.5:8443,kube-state-metrics,kube-system,true,Node,minikube,etcd-minikube,42b8db58-38c5-4af0-8dfe-916ed00ec608
kube_pod_owner,1753847144,1,kube_pod_owner,kube-rbac-proxy-main,10.244.0.5:8443,kube-state-metrics,kube-system,true,Node,minikube,etcd-minikube,42b8db58-38c5-4af0-8dfe-916ed00ec608
kube_pod_owner,1753847174,1,kube_pod_owner,kube-rbac-proxy-main,10.244.0.5:8443,kube-state-metrics,kube-system,true,Node,minikube,etcd-minikube,42b8db58-38c5-4af0-8dfe-916ed00ec608
kube_pod_owner,1753847204,1,kube_pod_owner,kube-rbac-proxy-main,10.244.0.5:8443,kube-state-metrics,kube-system,true,Node,minikube,etcd-minikube,42b8db58-38c5-4af0-8dfe-916ed00ec608
kube_pod_owner,1753847234,1,kube_pod_owner,kube-rbac-proxy-main,10.244.0.5:8443,kube-state-metrics,kube-system,true,Node,minikube,etcd-minikube,42b8db58-38c5-4af0-8dfe-916ed00ec608
kube_pod_owner,1753847264,1,kube_pod_owner,kube-rbac-proxy-main,10.244.0.5:8443,kube-state-metrics,kube-system,true,Node,minikube,etcd-minikube,42b8db58-38c5-4af0-8dfe-916ed00ec608
kube_pod_owner,1753847294,1,kube_pod_owner,kube-rbac-proxy-main,10.244.0.5:8443,kube-state-metrics,kube-system,true,Node,minikube,etcd-minikube,42b8db58-38c5-4af0-8dfe-916ed00ec608
kube_pod_owner,1753847324,1,kube_pod_owner,kube-rbac-proxy-main,10.244.0.5:8443,kube-state-metrics,kube-system,true,Node,minikube,etcd-minikube,42b8db58-38c5-4af0-8dfe-916ed00ec608
kube_pod_owner,1753847354,1,kube_pod_owner,kube-rbac-proxy-main,10.244.0.5:8443,kube-state-metrics,kube-system,true,Node,minikube,etcd-minikube,42b8db58-38c5-4af0-8dfe-916ed00ec608
kube_pod_owner,1753847384,1,kube_pod_owner,kube-rbac-proxy-main,10.244.0.5:8443,kube-state-metrics,kube-system,true,Node,minikube,etcd-minikube,42b8db58-38c5-4af0-8dfe-916ed00ec608
kube_pod_owner,1753847024,1,kube_pod_owner,kube-rbac-proxy-main,10.244.0.5:8443,kube-state-metrics,kube-system,true,Node,minikube,kube-apiserver-minikube,d8c61ef2-afe8-4d20-8641-25b518edd11d
kube_pod_owner,1753847084,1,kube_pod_owner,kube-rbac-proxy-main,10.244.0.5:8443,kube-state-metrics,kube-system,true,Node,minikube,kube-apiserver-minikube,d8c61ef2-afe8-4d20-8641-25b518edd11d
kube_pod_owner,1753847114,1,kube_pod_owner,kube-rbac-proxy-main,10.244.0.5:8443,kube-state-metrics,kube-system,true,Node,minikube,kube-apiserver-minikube,d8c61ef2-afe8-4d20-8641-25b518edd11d
kube_pod_owner,1753847144,1,kube_pod_owner,kube-rbac-proxy-main,10.244.0.5:8443,kube-state-metrics,kube-system,true,Node,minikube,kube-apiserver-minikube,d8c61ef2-afe8-4d20-8641-25b518edd11d
kube_pod_owner,1753847174,1,kube_pod_owner,kube-rbac-proxy-main,10.244.0.5:8443,kube-state-metrics,kube-system,true,Node,minikube,kube-apiserver-minikube,d8c61ef2-afe8-4d20-8641-25b518edd11d
kube_pod_owner,1753847204,1,kube_pod_owner,kube-rbac-proxy-main,10.244.0.5:8443,kube-state-metrics,kube-system,true,Node,minikube,kube-apiserver-minikube,d8c61ef2-afe8-4d20-8641-25b518edd11d
kube_pod_owner,1753847234,1,kube_pod_owner,kube-rbac-proxy-main,10.244.0.5:8443,kube-state-metrics,kube-system,true,Node,minikube,kube-apiserver-minikube,d8c61ef2-afe8-4d20-8641-25b518edd11d
kube_pod_owner,1753847264,1,kube_pod_owner,kube-rbac-proxy-main,10.244.0.5:8443,kube-state-metrics,kube-system,true,Node,minikube,kube-apiserver-minikube,d8c61ef2-afe8-4d20-8641-25b518edd11d
kube_pod_owner,1753847294,1,kube_pod_owner,kube-rbac-proxy-main,10.244.0.5:8443,kube-state-metrics,kube-system,true,Node,minikube,kube-apiserver-minikube,d8c61ef2-afe8-4d20-8641-25b518edd11d
kube_pod_owner,1753847324,1,kube_pod_owner,kube-rbac-proxy-main,10.244.0.5:8443,kube-state-metrics,kube-system,true,Node,minikube,kube-apiserver-minikube,d8c61ef2-afe8-4d20-8641-25b518edd11d
kube_pod_owner,1753847354,1,kube_pod_owner,kube-rbac-proxy-main,10.244.0.5:8443,kube-state-metrics,kube-system,true,Node,minikube,kube-apiserver-minikube,d8c61ef2-afe8-4d20-8641-25b518edd11d
kube_pod_owner,1753847384,1,kube_pod_owner,kube-rbac-proxy-main,10.244.0.5:8443,kube-state-metrics,kube-system,true,Node,minikube,kube-apiserver-minikube,d8c61ef2-afe8-4d20-8641-25b518edd11d
kube_pod_owner,1753847024,1,kube_pod_owner,kube-rbac-proxy-main,10.244.0.5:8443,kube-state-metrics,kube-system,true,Node,minikube,kube-controller-manager-minikube,243b2286-dcc4-454b-b8b8-164e6e25b050
kube_pod_owner,1753847084,1,kube_pod_owner,kube-rbac-proxy-main,10.244.0.5:8443,kube-state-metrics,kube-system,true,Node,minikube,kube-controller-manager-minikube,243b2286-dcc4-454b-b8b8-164e6e25b050
kube_pod_owner,1753847114,1,kube_pod_owner,kube-rbac-proxy-main,10.244.0.5:8443,kube-state-metrics,kube-system,true,Node,minikube,kube-controller-manager-minikube,243b2286-dcc4-454b-b8b8-164e6e25b050
kube_pod_owner,1753847144,1,kube_pod_owner,kube-rbac-proxy-main,10.244.0.5:8443,kube-state-metrics,kube-system,true,Node,minikube,kube-controller-manager-minikube,243b2286-dcc4-454b-b8b8-164e6e25b050
kube_pod_owner,1753847174,1,kube_pod_owner,kube-rbac-proxy-main,10.244.0.5:8443,kube-state-metrics,kube-system,true,Node,minikube,kube-controller-manager-minikube,243b2286-dcc4-454b-b8b8-164e6e25b050
kube_pod_owner,1753847204,1,kube_pod_owner,kube-rbac-proxy-main,10.244.0.5:8443,kube-state-metrics,kube-system,true,Node,minikube,kube-controller-manager-minikube,243b2286-dcc4-454b-b8b8-164e6e25b050
kube_pod_owner,1753847234,1,kube_pod_owner,kube-rbac-proxy-main,10.244.0.5:8443,kube-state-metrics,kube-system,true,Node,minikube,kube-controller-manager-minikube,243b2286-dcc4-454b-b8b8-164e6e25b050
kube_pod_owner,1753847264,1,kube_pod_owner,kube-rbac-proxy-main,10.244.0.5:8443,kube-state-metrics,kube-system,true,Node,minikube,kube-controller-manager-minikube,243b2286-dcc4-454b-b8b8-164e6e25b050
kube_pod_owner,1753847294,1,kube_pod_owner,kube-rbac-proxy-main,10.244.0.5:8443,kube-state-metrics,kube-system,true,Node,minikube,kube-controller-manager-minikube,243b2286-dcc4-454b-b8b8-164e6e25b050
kube_pod_owner,1753847324,1,kube_pod_owner,kube-rbac-proxy-main,10.244.0.5:8443,kube-state-metrics,kube-system,true,Node,minikube,kube-controller-manager-minikube,243b2286-dcc4-454b-b8b8-164e6e25b050
kube_pod_owner,1753847354,1,kube_pod_owner,kube-rbac-proxy-main,10.244.0.5:8443,kube-state-metrics,kube-system,true,Node,minikube,kube-controller-manager-minikube,243b2286-dcc4-454b-b8b8-164e6e25b050
kube_pod_owner,1753847384,1,kube_pod_owner,kube-rbac-proxy-main,10.244.0.5:8443,kube-state-metrics,kube-system,true,Node,minikube,kube-controller-manager-minikube,243b2286-dcc4-454b-b8b8-164e6e25b050
kube_pod_owner,1753847024,1,kube_pod_owner,kube-rbac-proxy-main,10.244.0.5:8443,kube-state-metrics,kube-system,true,Node,minikube,kube-scheduler-minikube,9ae2def9-8d69-4c53-ad4d-4f050b130935
kube_pod_owner,1753847084,1,kube_pod_owner,kube-rbac-proxy-main,10.244.0.5:8443,kube-state-metrics,kube-system,true,Node,minikube,kube-scheduler-minikube,9ae2def9-8d69-4c53-ad4d-4f050b130935
kube_pod_owner,1753847114,1,kube_pod_owner,kube-rbac-proxy-main,10.244.0.5:8443,kube-state-metrics,kube-system,true,Node,minikube,kube-scheduler-minikube,9ae2def9-8d69-4c53-ad4d-4f050b130935
kube_pod_owner,1753847144,1,kube_pod_owner,kube-rbac-proxy-main,10.244.0.5:8443,kube-state-metrics,kube-system,true,Node,minikube,kube-scheduler-minikube,9ae2def9-8d69-4c53-ad4d-4f050b130935
kube_pod_owner,1753847174,1,kube_pod_owner,kube-rbac-proxy-main,10.244.0.5:8443,kube-state-metrics,kube-system,true,Node,minikube,kube-scheduler-minikube,9ae2def9-8d69-4c53-ad4d-4f050b130935
kube_pod_owner,1753847204,1,kube_pod_owner,kube-rbac-proxy-main,10.244.0.5:8443,kube-state-metrics,kube-system,true,Node,minikube,kube-scheduler-minikube,9ae2def9-8d69-4c53-ad4d-4f050b130935
kube_pod_owner,1753847234,1,kube_pod_owner,kube-rbac-proxy-main,10.244.0.5:8443,kube-state-metrics,kube-system,true,Node,minikube,kube-scheduler-minikube,9ae2def9-8d69-4c53-ad4d-4f050b130935
kube_pod_owner,1753847264,1,kube_pod_owner,kube-rbac-proxy-main,10.244.0.5:8443,kube-state-metrics,kube-system,true,Node,minikube,kube-scheduler-minikube,9ae2def9-8d69-4c53-ad4d-4f050b130935
kube_pod_owner,1753847294,1,kube_pod_owner,kube-rbac-proxy-main,10.244.0.5:8443,kube-state-metrics,kube-system,true,Node,minikube,kube-scheduler-minikube,9ae2def9-8d69-4c53-ad4d-4f050b130935
kube_pod_owner,1753847324,1,kube_pod_owner,kube-rbac-proxy-main,10.244.0.5:8443,kube-state-metrics,kube-system,true,Node,minikube,kube-scheduler-minikube,9ae2def9-8d69-4c53-ad4d-4f050b130935
kube_pod_owner,1753847354,1,kube_pod_owner,kube-rbac-proxy-main,10.244.0.5:8443,kube-state-metrics,kube-system,true,Node,minikube,kube-scheduler-minikube,9ae2def9-8d69-4c53-ad4d-4f050b130935
kube_pod_owner,1753847384,1,kube_pod_owner,kube-rbac-proxy-main,10.244.0.5:8443,kube-state-metrics,kube-system,true,Node,minikube,kube-scheduler-minikube,9ae2def9-8d69-4c53-ad4d-4f050b130935
kube_pod_owner,1753847024,1,kube_pod_owner,kube-rbac-proxy-main,10.244.0.5:8443,kube-state-metrics,kube-system,true,ReplicaSet,coredns-674b8bbfcf,coredns-674b8bbfcf-4g9gv,e45cb37c-abfd-4b7f-abd0-7640f72adeb6
kube_pod_owner,1753847084,1,kube_pod_owner,kube-rbac-proxy-main,10.244.0.5:8443,kube-state-metrics,kube-system,true,ReplicaSet,coredns-674b8bbfcf,coredns-674b8bbfcf-4g9gv,e45cb37c-abfd-4b7f-abd0-7640f72adeb6
kube_pod_owner,1753847114,1,kube_pod_owner,kube-rbac-proxy-main,10.244.0.5:8443,kube-state-metrics,kube-system,true,ReplicaSet,coredns-674b8bbfcf,coredns-674b8bbfcf-4g9gv,e45cb37c-abfd-4b7f-abd0-7640f72adeb6
kube_pod_owner,1753847144,1,kube_pod_owner,kube-rbac-proxy-main,10.244.0.5:8443,kube-state-metrics,kube-system,true,ReplicaSet,coredns-674b8bbfcf,coredns-674b8bbfcf-4g9gv,e45cb37c-abfd-4b7f-abd0-7640f72adeb6
kube_pod_owner,1753847174,1,kube_pod_owner,kube-rbac-proxy-main,10.244.0.5:8443,kube-state-metrics,kube-system,true,ReplicaSet,coredns-674b8bbfcf,coredns-674b8bbfcf-4g9gv,e45cb37c-abfd-4b7f-abd0-7640f72adeb6
kube_pod_owner,1753847204,1,kube_pod_owner,kube-rbac-proxy-main,10.244.0.5:8443,kube-state-metrics,kube-system,true,ReplicaSet,coredns-674b8bbfcf,coredns-674b8bbfcf-4g9gv,e45cb37c-abfd-4b7f-abd0-7640f72adeb6
kube_pod_owner,1753847234,1,kube_pod_owner,kube-rbac-proxy-main,10.244.0.5:8443,kube-state-metrics,kube-system,true,ReplicaSet,coredns-674b8bbfcf,coredns-674b8bbfcf-4g9gv,e45cb37c-abfd-4b7f-abd0-7640f72adeb6
kube_pod_owner,1753847264,1,kube_pod_owner,kube-rbac-proxy-main,10.244.0.5:8443,kube-state-metrics,kube-system,true,ReplicaSet,coredns-674b8bbfcf,coredns-674b8bbfcf-4g9gv,e45cb37c-abfd-4b7f-abd0-7640f72adeb6
kube_pod_owner,1753847294,1,kube_pod_owner,kube-rbac-proxy-main,10.244.0.5:8443,kube-state-metrics,kube-system,true,ReplicaSet,coredns-674b8bbfcf,coredns-674b8bbfcf-4g9gv,e45cb37c-abfd-4b7f-abd0-7640f72adeb6
kube_pod_owner,1753847324,1,kube_pod_owner,kube-rbac-proxy-main,10.244.0.5:8443,kube-state-metrics,kube-system,true,ReplicaSet,coredns-674b8bbfcf,coredns-674b8bbfcf-4g9gv,e45cb37c-abfd-4b7f-abd0-7640f72adeb6
kube_pod_owner,1753847354,1,kube_pod_owner,kube-rbac-proxy-main,10.244.0.5:8443,kube-state-metrics,kube-system,true,ReplicaSet,coredns-674b8bbfcf,coredns-674b8bbfcf-4g9gv,e45cb37c-abfd-4b7f-abd0-7640f72adeb6
kube_pod_owner,1753847384,1,kube_pod_owner,kube-rbac-proxy-main,10.244.0.5:8443,kube-state-metrics,kube-system,true,ReplicaSet,coredns-674b8bbfcf,coredns-674b8bbfcf-4g9gv,e45cb37c-abfd-4b7f-abd0-7640f72adeb6
kube_pod_owner,1753847024,1,kube_pod_owner,kube-rbac-proxy-main,10.244.0.5:8443,kube-state-metrics,kube-system,true,ReplicaSet,custom-scheduler-6f55678855,custom-scheduler-6f55678855-xm5jw,d65e551c-b528-4e9d-92e2-0dab3fd492a8
kube_pod_owner,1753847084,1,kube_pod_owner,kube-rbac-proxy-main,10.244.0.5:8443,kube-state-metrics,kube-system,true,ReplicaSet,custom-scheduler-6f55678855,custom-scheduler-6f55678855-xm5jw,d65e551c-b528-4e9d-92e2-0dab3fd492a8
kube_pod_owner,1753847114,1,kube_pod_owner,kube-rbac-proxy-main,10.244.0.5:8443,kube-state-metrics,kube-system,true,ReplicaSet,custom-scheduler-6f55678855,custom-scheduler-6f55678855-xm5jw,d65e551c-b528-4e9d-92e2-0dab3fd492a8
kube_pod_owner,1753847144,1,kube_pod_owner,kube-rbac-proxy-main,10.244.0.5:8443,kube-state-metrics,kube-system,true,ReplicaSet,custom-scheduler-6f55678855,custom-scheduler-6f55678855-xm5jw,d65e551c-b528-4e9d-92e2-0dab3fd492a8
kube_pod_owner,1753847174,1,kube_pod_owner,kube-rbac-proxy-main,10.244.0.5:8443,kube-state-metrics,kube-system,true,ReplicaSet,custom-scheduler-6f55678855,custom-scheduler-6f55678855-xm5jw,d65e551c-b528-4e9d-92e2-0dab3fd492a8
kube_pod_owner,1753847204,1,kube_pod_owner,kube-rbac-proxy-main,10.244.0.5:8443,kube-state-metrics,kube-system,true,ReplicaSet,custom-scheduler-6f55678855,custom-scheduler-6f55678855-xm5jw,d65e551c-b528-4e9d-92e2-0dab3fd492a8
kube_pod_owner,1753847234,1,kube_pod_owner,kube-rbac-proxy-main,10.244.0.5:8443,kube-state-metrics,kube-system,true,ReplicaSet,custom-scheduler-6f55678855,custom-scheduler-6f55678855-xm5jw,d65e551c-b528-4e9d-92e2-0dab3fd492a8
kube_pod_owner,1753847264,1,kube_pod_owner,kube-rbac-proxy-main,10.244.0.5:8443,kube-state-metrics,kube-system,true,ReplicaSet,custom-scheduler-6f55678855,custom-scheduler-6f55678855-xm5jw,d65e551c-b528-4e9d-92e2-0dab3fd492a8
kube_pod_owner,1753847294,1,kube_pod_owner,kube-rbac-proxy-main,10.244.0.5:8443,kube-state-metrics,kube-system,true,ReplicaSet,custom-scheduler-6f55678855,custom-scheduler-6f55678855-xm5jw,d65e551c-b528-4e9d-92e2-0dab3fd492a8
kube_pod_owner,1753847324,1,kube_pod_owner,kube-rbac-proxy-main,10.244.0.5:8443,kube-state-metrics,kube-system,true,ReplicaSet,custom-scheduler-6f55678855,custom-scheduler-6f55678855-xm5jw,d65e551c-b528-4e9d-92e2-0dab3fd492a8
kube_pod_owner,1753847354,1,kube_pod_owner,kube-rbac-proxy-main,10.244.0.5:8443,kube-state-metrics,kube-system,true,ReplicaSet,custom-scheduler-6f55678855,custom-scheduler-6f55678855-xm5jw,d65e551c-b528-4e9d-92e2-0dab3fd492a8
kube_pod_owner,1753847384,1,kube_pod_owner,kube-rbac-proxy-main,10.244.0.5:8443,kube-state-metrics,kube-system,true,ReplicaSet,custom-scheduler-6f55678855,custom-scheduler-6f55678855-xm5jw,d65e551c-b528-4e9d-92e2-0dab3fd492a8
kube_pod_owner,1753847024,1,kube_pod_owner,kube-rbac-proxy-main,10.244.0.5:8443,kube-state-metrics,kube-system,true,ReplicaSet,kwok-controller-6cd98c5876,kwok-controller-6cd98c5876-76chd,ae98f73a-c574-4814-9443-edeaee1ff11d
kube_pod_owner,1753847084,1,kube_pod_owner,kube-rbac-proxy-main,10.244.0.5:8443,kube-state-metrics,kube-system,true,ReplicaSet,kwok-controller-6cd98c5876,kwok-controller-6cd98c5876-76chd,ae98f73a-c574-4814-9443-edeaee1ff11d
kube_pod_owner,1753847114,1,kube_pod_owner,kube-rbac-proxy-main,10.244.0.5:8443,kube-state-metrics,kube-system,true,ReplicaSet,kwok-controller-6cd98c5876,kwok-controller-6cd98c5876-76chd,ae98f73a-c574-4814-9443-edeaee1ff11d
kube_pod_owner,1753847144,1,kube_pod_owner,kube-rbac-proxy-main,10.244.0.5:8443,kube-state-metrics,kube-system,true,ReplicaSet,kwok-controller-6cd98c5876,kwok-controller-6cd98c5876-76chd,ae98f73a-c574-4814-9443-edeaee1ff11d
kube_pod_owner,1753847174,1,kube_pod_owner,kube-rbac-proxy-main,10.244.0.5:8443,kube-state-metrics,kube-system,true,ReplicaSet,kwok-controller-6cd98c5876,kwok-controller-6cd98c5876-76chd,ae98f73a-c574-4814-9443-edeaee1ff11d
kube_pod_owner,1753847204,1,kube_pod_owner,kube-rbac-proxy-main,10.244.0.5:8443,kube-state-metrics,kube-system,true,ReplicaSet,kwok-controller-6cd98c5876,kwok-controller-6cd98c5876-76chd,ae98f73a-c574-4814-9443-edeaee1ff11d
kube_pod_owner,1753847234,1,kube_pod_owner,kube-rbac-proxy-main,10.244.0.5:8443,kube-state-metrics,kube-system,true,ReplicaSet,kwok-controller-6cd98c5876,kwok-controller-6cd98c5876-76chd,ae98f73a-c574-4814-9443-edeaee1ff11d
kube_pod_owner,1753847264,1,kube_pod_owner,kube-rbac-proxy-main,10.244.0.5:8443,kube-state-metrics,kube-system,true,ReplicaSet,kwok-controller-6cd98c5876,kwok-controller-6cd98c5876-76chd,ae98f73a-c574-4814-9443-edeaee1ff11d
kube_pod_owner,1753847294,1,kube_pod_owner,kube-rbac-proxy-main,10.244.0.5:8443,kube-state-metrics,kube-system,true,ReplicaSet,kwok-controller-6cd98c5876,kwok-controller-6cd98c5876-76chd,ae98f73a-c574-4814-9443-edeaee1ff11d
kube_pod_owner,1753847324,1,kube_pod_owner,kube-rbac-proxy-main,10.244.0.5:8443,kube-state-metrics,kube-system,true,ReplicaSet,kwok-controller-6cd98c5876,kwok-controller-6cd98c5876-76chd,ae98f73a-c574-4814-9443-edeaee1ff11d
kube_pod_owner,1753847354,1,kube_pod_owner,kube-rbac-proxy-main,10.244.0.5:8443,kube-state-metrics,kube-system,true,ReplicaSet,kwok-controller-6cd98c5876,kwok-controller-6cd98c5876-76chd,ae98f73a-c574-4814-9443-edeaee1ff11d
kube_pod_owner,1753847384,1,kube_pod_owner,kube-rbac-proxy-main,10.244.0.5:8443,kube-state-metrics,kube-system,true,ReplicaSet,kwok-controller-6cd98c5876,kwok-controller-6cd98c5876-76chd,ae98f73a-c574-4814-9443-edeaee1ff11d
kube_pod_owner,1753847024,1,kube_pod_owner,kube-rbac-proxy-main,10.244.0.5:8443,kube-state-metrics,kube-system,,,,storage-provisioner,5a66d518-ac5f-46d5-824b-3e16bbb50a30
kube_pod_owner,1753847084,1,kube_pod_owner,kube-rbac-proxy-main,10.244.0.5:8443,kube-state-metrics,kube-system,,,,storage-provisioner,5a66d518-ac5f-46d5-824b-3e16bbb50a30
kube_pod_owner,1753847114,1,kube_pod_owner,kube-rbac-proxy-main,10.244.0.5:8443,kube-state-metrics,kube-system,,,,storage-provisioner,5a66d518-ac5f-46d5-824b-3e16bbb50a30
kube_pod_owner,1753847144,1,kube_pod_owner,kube-rbac-proxy-main,10.244.0.5:8443,kube-state-metrics,kube-system,,,,storage-provisioner,5a66d518-ac5f-46d5-824b-3e16bbb50a30
kube_pod_owner,1753847174,1,kube_pod_owner,kube-rbac-proxy-main,10.244.0.5:8443,kube-state-metrics,kube-system,,,,storage-provisioner,5a66d518-ac5f-46d5-824b-3e16bbb50a30
kube_pod_owner,1753847204,1,kube_pod_owner,kube-rbac-proxy-main,10.244.0.5:8443,kube-state-metrics,kube-system,,,,storage-provisioner,5a66d518-ac5f-46d5-824b-3e16bbb50a30
kube_pod_owner,1753847234,1,kube_pod_owner,kube-rbac-proxy-main,10.244.0.5:8443,kube-state-metrics,kube-system,,,,storage-provisioner,5a66d518-ac5f-46d5-824b-3e16bbb50a30
kube_pod_owner,1753847264,1,kube_pod_owner,kube-rbac-proxy-main,10.244.0.5:8443,kube-state-metrics,kube-system,,,,storage-provisioner,5a66d518-ac5f-46d5-824b-3e16bbb50a30
kube_pod_owner,1753847294,1,kube_pod_owner,kube-rbac-proxy-main,10.244.0.5:8443,kube-state-metrics,kube-system,,,,storage-provisioner,5a66d518-ac5f-46d5-824b-3e16bbb50a30
kube_pod_owner,1753847324,1,kube_pod_owner,kube-rbac-proxy-main,10.244.0.5:8443,kube-state-metrics,kube-system,,,,storage-provisioner,5a66d518-ac5f-46d5-824b-3e16bbb50a30
kube_pod_owner,1753847354,1,kube_pod_owner,kube-rbac-proxy-main,10.244.0.5:8443,kube-state-metrics,kube-system,,,,storage-provisioner,5a66d518-ac5f-46d5-824b-3e16bbb50a30
kube_pod_owner,1753847384,1,kube_pod_owner,kube-rbac-proxy-main,10.244.0.5:8443,kube-state-metrics,kube-system,,,,storage-provisioner,5a66d518-ac5f-46d5-824b-3e16bbb50a30
kube_pod_owner,1753847024,1,kube_pod_owner,kube-rbac-proxy-main,10.244.0.5:8443,kube-state-metrics,monitoring,true,DaemonSet,node-exporter,node-exporter-j4rqr,7e6d615a-5738-4b8d-a5b4-8d7c537073b8
kube_pod_owner,1753847084,1,kube_pod_owner,kube-rbac-proxy-main,10.244.0.5:8443,kube-state-metrics,monitoring,true,DaemonSet,node-exporter,node-exporter-j4rqr,7e6d615a-5738-4b8d-a5b4-8d7c537073b8
kube_pod_owner,1753847114,1,kube_pod_owner,kube-rbac-proxy-main,10.244.0.5:8443,kube-state-metrics,monitoring,true,DaemonSet,node-exporter,node-exporter-j4rqr,7e6d615a-5738-4b8d-a5b4-8d7c537073b8
kube_pod_owner,1753847144,1,kube_pod_owner,kube-rbac-proxy-main,10.244.0.5:8443,kube-state-metrics,monitoring,true,DaemonSet,node-exporter,node-exporter-j4rqr,7e6d615a-5738-4b8d-a5b4-8d7c537073b8
kube_pod_owner,1753847174,1,kube_pod_owner,kube-rbac-proxy-main,10.244.0.5:8443,kube-state-metrics,monitoring,true,DaemonSet,node-exporter,node-exporter-j4rqr,7e6d615a-5738-4b8d-a5b4-8d7c537073b8
kube_pod_owner,1753847204,1,kube_pod_owner,kube-rbac-proxy-main,10.244.0.5:8443,kube-state-metrics,monitoring,true,DaemonSet,node-exporter,node-exporter-j4rqr,7e6d615a-5738-4b8d-a5b4-8d7c537073b8
kube_pod_owner,1753847234,1,kube_pod_owner,kube-rbac-proxy-main,10.244.0.5:8443,kube-state-metrics,monitoring,true,DaemonSet,node-exporter,node-exporter-j4rqr,7e6d615a-5738-4b8d-a5b4-8d7c537073b8
kube_pod_owner,1753847264,1,kube_pod_owner,kube-rbac-proxy-main,10.244.0.5:8443,kube-state-metrics,monitoring,true,DaemonSet,node-exporter,node-exporter-j4rqr,7e6d615a-5738-4b8d-a5b4-8d7c537073b8
kube_pod_owner,1753847294,1,kube_pod_owner,kube-rbac-proxy-main,10.244.0.5:8443,kube-state-metrics,monitoring,true,DaemonSet,node-exporter,node-exporter-j4rqr,7e6d615a-5738-4b8d-a5b4-8d7c537073b8
kube_pod_owner,1753847324,1,kube_pod_owner,kube-rbac-proxy-main,10.244.0.5:8443,kube-state-metrics,monitoring,true,DaemonSet,node-exporter,node-exporter-j4rqr,7e6d615a-5738-4b8d-a5b4-8d7c537073b8
kube_pod_owner,1753847354,1,kube_pod_owner,kube-rbac-proxy-main,10.244.0.5:8443,kube-state-metrics,monitoring,true,DaemonSet,node-exporter,node-exporter-j4rqr,7e6d615a-5738-4b8d-a5b4-8d7c537073b8
kube_pod_owner,1753847384,1,kube_pod_owner,kube-rbac-proxy-main,10.244.0.5:8443,kube-state-metrics,monitoring,true,DaemonSet,node-exporter,node-exporter-j4rqr,7e6d615a-5738-4b8d-a5b4-8d7c537073b8
kube_pod_owner,1753847024,1,kube_pod_owner,kube-rbac-proxy-main,10.244.0.5:8443,kube-state-metrics,monitoring,true,DaemonSet,node-exporter,node-exporter-lx42k,7a65ed82-f249-41d2-9ad1-b60e0dc1e177
kube_pod_owner,1753847084,1,kube_pod_owner,kube-rbac-proxy-main,10.244.0.5:8443,kube-state-metrics,monitoring,true,DaemonSet,node-exporter,node-exporter-lx42k,7a65ed82-f249-41d2-9ad1-b60e0dc1e177
kube_pod_owner,1753847114,1,kube_pod_owner,kube-rbac-proxy-main,10.244.0.5:8443,kube-state-metrics,monitoring,true,DaemonSet,node-exporter,node-exporter-lx42k,7a65ed82-f249-41d2-9ad1-b60e0dc1e177
kube_pod_owner,1753847144,1,kube_pod_owner,kube-rbac-proxy-main,10.244.0.5:8443,kube-state-metrics,monitoring,true,DaemonSet,node-exporter,node-exporter-lx42k,7a65ed82-f249-41d2-9ad1-b60e0dc1e177
kube_pod_owner,1753847174,1,kube_pod_owner,kube-rbac-proxy-main,10.244.0.5:8443,kube-state-metrics,monitoring,true,DaemonSet,node-exporter,node-exporter-lx42k,7a65ed82-f249-41d2-9ad1-b60e0dc1e177
kube_pod_owner,1753847204,1,kube_pod_owner,kube-rbac-proxy-main,10.244.0.5:8443,kube-state-metrics,monitoring,true,DaemonSet,node-exporter,node-exporter-lx42k,7a65ed82-f249-41d2-9ad1-b60e0dc1e177
kube_pod_owner,1753847234,1,kube_pod_owner,kube-rbac-proxy-main,10.244.0.5:8443,kube-state-metrics,monitoring,true,DaemonSet,node-exporter,node-exporter-lx42k,7a65ed82-f249-41d2-9ad1-b60e0dc1e177
kube_pod_owner,1753847264,1,kube_pod_owner,kube-rbac-proxy-main,10.244.0.5:8443,kube-state-metrics,monitoring,true,DaemonSet,node-exporter,node-exporter-lx42k,7a65ed82-f249-41d2-9ad1-b60e0dc1e177
kube_pod_owner,1753847294,1,kube_pod_owner,kube-rbac-proxy-main,10.244.0.5:8443,kube-state-metrics,monitoring,true,DaemonSet,node-exporter,node-exporter-lx42k,7a65ed82-f249-41d2-9ad1-b60e0dc1e177
kube_pod_owner,1753847324,1,kube_pod_owner,kube-rbac-proxy-main,10.244.0.5:8443,kube-state-metrics,monitoring,true,DaemonSet,node-exporter,node-exporter-lx42k,7a65ed82-f249-41d2-9ad1-b60e0dc1e177
kube_pod_owner,1753847354,1,kube_pod_owner,kube-rbac-proxy-main,10.244.0.5:8443,kube-state-metrics,monitoring,true,DaemonSet,node-exporter,node-exporter-lx42k,7a65ed82-f249-41d2-9ad1-b60e0dc1e177
kube_pod_owner,1753847384,1,kube_pod_owner,kube-rbac-proxy-main,10.244.0.5:8443,kube-state-metrics,monitoring,true,DaemonSet,node-exporter,node-exporter-lx42k,7a65ed82-f249-41d2-9ad1-b60e0dc1e177
kube_pod_owner,1753847024,1,kube_pod_owner,kube-rbac-proxy-main,10.244.0.5:8443,kube-state-metrics,monitoring,true,ReplicaSet,blackbox-exporter-69bdcc6fc7,blackbox-exporter-69bdcc6fc7-4t7bg,8f3194f4-b6e0-4a8f-9bd4-2737f44584dd
kube_pod_owner,1753847084,1,kube_pod_owner,kube-rbac-proxy-main,10.244.0.5:8443,kube-state-metrics,monitoring,true,ReplicaSet,blackbox-exporter-69bdcc6fc7,blackbox-exporter-69bdcc6fc7-4t7bg,8f3194f4-b6e0-4a8f-9bd4-2737f44584dd
kube_pod_owner,1753847114,1,kube_pod_owner,kube-rbac-proxy-main,10.244.0.5:8443,kube-state-metrics,monitoring,true,ReplicaSet,blackbox-exporter-69bdcc6fc7,blackbox-exporter-69bdcc6fc7-4t7bg,8f3194f4-b6e0-4a8f-9bd4-2737f44584dd
kube_pod_owner,1753847144,1,kube_pod_owner,kube-rbac-proxy-main,10.244.0.5:8443,kube-state-metrics,monitoring,true,ReplicaSet,blackbox-exporter-69bdcc6fc7,blackbox-exporter-69bdcc6fc7-4t7bg,8f3194f4-b6e0-4a8f-9bd4-2737f44584dd
kube_pod_owner,1753847174,1,kube_pod_owner,kube-rbac-proxy-main,10.244.0.5:8443,kube-state-metrics,monitoring,true,ReplicaSet,blackbox-exporter-69bdcc6fc7,blackbox-exporter-69bdcc6fc7-4t7bg,8f3194f4-b6e0-4a8f-9bd4-2737f44584dd
kube_pod_owner,1753847204,1,kube_pod_owner,kube-rbac-proxy-main,10.244.0.5:8443,kube-state-metrics,monitoring,true,ReplicaSet,blackbox-exporter-69bdcc6fc7,blackbox-exporter-69bdcc6fc7-4t7bg,8f3194f4-b6e0-4a8f-9bd4-2737f44584dd
kube_pod_owner,1753847234,1,kube_pod_owner,kube-rbac-proxy-main,10.244.0.5:8443,kube-state-metrics,monitoring,true,ReplicaSet,blackbox-exporter-69bdcc6fc7,blackbox-exporter-69bdcc6fc7-4t7bg,8f3194f4-b6e0-4a8f-9bd4-2737f44584dd
kube_pod_owner,1753847264,1,kube_pod_owner,kube-rbac-proxy-main,10.244.0.5:8443,kube-state-metrics,monitoring,true,ReplicaSet,blackbox-exporter-69bdcc6fc7,blackbox-exporter-69bdcc6fc7-4t7bg,8f3194f4-b6e0-4a8f-9bd4-2737f44584dd
kube_pod_owner,1753847294,1,kube_pod_owner,kube-rbac-proxy-main,10.244.0.5:8443,kube-state-metrics,monitoring,true,ReplicaSet,blackbox-exporter-69bdcc6fc7,blackbox-exporter-69bdcc6fc7-4t7bg,8f3194f4-b6e0-4a8f-9bd4-2737f44584dd
kube_pod_owner,1753847324,1,kube_pod_owner,kube-rbac-proxy-main,10.244.0.5:8443,kube-state-metrics,monitoring,true,ReplicaSet,blackbox-exporter-69bdcc6fc7,blackbox-exporter-69bdcc6fc7-4t7bg,8f3194f4-b6e0-4a8f-9bd4-2737f44584dd
kube_pod_owner,1753847354,1,kube_pod_owner,kube-rbac-proxy-main,10.244.0.5:8443,kube-state-metrics,monitoring,true,ReplicaSet,blackbox-exporter-69bdcc6fc7,blackbox-exporter-69bdcc6fc7-4t7bg,8f3194f4-b6e0-4a8f-9bd4-2737f44584dd
kube_pod_owner,1753847384,1,kube_pod_owner,kube-rbac-proxy-main,10.244.0.5:8443,kube-state-metrics,monitoring,true,ReplicaSet,blackbox-exporter-69bdcc6fc7,blackbox-exporter-69bdcc6fc7-4t7bg,8f3194f4-b6e0-4a8f-9bd4-2737f44584dd
kube_pod_owner,1753847024,1,kube_pod_owner,kube-rbac-proxy-main,10.244.0.5:8443,kube-state-metrics,monitoring,true,ReplicaSet,grafana-6db778c967,grafana-6db778c967-vprvs,d4e35a06-cfda-4a33-b65d-8bcc00173801
kube_pod_owner,1753847084,1,kube_pod_owner,kube-rbac-proxy-main,10.244.0.5:8443,kube-state-metrics,monitoring,true,ReplicaSet,grafana-6db778c967,grafana-6db778c967-vprvs,d4e35a06-cfda-4a33-b65d-8bcc00173801
kube_pod_owner,1753847114,1,kube_pod_owner,kube-rbac-proxy-main,10.244.0.5:8443,kube-state-metrics,monitoring,true,ReplicaSet,grafana-6db778c967,grafana-6db778c967-vprvs,d4e35a06-cfda-4a33-b65d-8bcc00173801
kube_pod_owner,1753847144,1,kube_pod_owner,kube-rbac-proxy-main,10.244.0.5:8443,kube-state-metrics,monitoring,true,ReplicaSet,grafana-6db778c967,grafana-6db778c967-vprvs,d4e35a06-cfda-4a33-b65d-8bcc00173801
kube_pod_owner,1753847174,1,kube_pod_owner,kube-rbac-proxy-main,10.244.0.5:8443,kube-state-metrics,monitoring,true,ReplicaSet,grafana-6db778c967,grafana-6db778c967-vprvs,d4e35a06-cfda-4a33-b65d-8bcc00173801
kube_pod_owner,1753847204,1,kube_pod_owner,kube-rbac-proxy-main,10.244.0.5:8443,kube-state-metrics,monitoring,true,ReplicaSet,grafana-6db778c967,grafana-6db778c967-vprvs,d4e35a06-cfda-4a33-b65d-8bcc00173801
kube_pod_owner,1753847234,1,kube_pod_owner,kube-rbac-proxy-main,10.244.0.5:8443,kube-state-metrics,monitoring,true,ReplicaSet,grafana-6db778c967,grafana-6db778c967-vprvs,d4e35a06-cfda-4a33-b65d-8bcc00173801
kube_pod_owner,1753847264,1,kube_pod_owner,kube-rbac-proxy-main,10.244.0.5:8443,kube-state-metrics,monitoring,true,ReplicaSet,grafana-6db778c967,grafana-6db778c967-vprvs,d4e35a06-cfda-4a33-b65d-8bcc00173801
kube_pod_owner,1753847294,1,kube_pod_owner,kube-rbac-proxy-main,10.244.0.5:8443,kube-state-metrics,monitoring,true,ReplicaSet,grafana-6db778c967,grafana-6db778c967-vprvs,d4e35a06-cfda-4a33-b65d-8bcc00173801
kube_pod_owner,1753847324,1,kube_pod_owner,kube-rbac-proxy-main,10.244.0.5:8443,kube-state-metrics,monitoring,true,ReplicaSet,grafana-6db778c967,grafana-6db778c967-vprvs,d4e35a06-cfda-4a33-b65d-8bcc00173801
kube_pod_owner,1753847354,1,kube_pod_owner,kube-rbac-proxy-main,10.244.0.5:8443,kube-state-metrics,monitoring,true,ReplicaSet,grafana-6db778c967,grafana-6db778c967-vprvs,d4e35a06-cfda-4a33-b65d-8bcc00173801
kube_pod_owner,1753847384,1,kube_pod_owner,kube-rbac-proxy-main,10.244.0.5:8443,kube-state-metrics,monitoring,true,ReplicaSet,grafana-6db778c967,grafana-6db778c967-vprvs,d4e35a06-cfda-4a33-b65d-8bcc00173801
kube_pod_owner,1753847024,1,kube_pod_owner,kube-rbac-proxy-main,10.244.0.5:8443,kube-state-metrics,monitoring,true,ReplicaSet,kube-state-metrics-5f96f94459,kube-state-metrics-5f96f94459-ktt8k,790595d8-e4cf-451d-a576-0d39226bc551
kube_pod_owner,1753847084,1,kube_pod_owner,kube-rbac-proxy-main,10.244.0.5:8443,kube-state-metrics,monitoring,true,ReplicaSet,kube-state-metrics-5f96f94459,kube-state-metrics-5f96f94459-ktt8k,790595d8-e4cf-451d-a576-0d39226bc551
kube_pod_owner,1753847114,1,kube_pod_owner,kube-rbac-proxy-main,10.244.0.5:8443,kube-state-metrics,monitoring,true,ReplicaSet,kube-state-metrics-5f96f94459,kube-state-metrics-5f96f94459-ktt8k,790595d8-e4cf-451d-a576-0d39226bc551
kube_pod_owner,1753847144,1,kube_pod_owner,kube-rbac-proxy-main,10.244.0.5:8443,kube-state-metrics,monitoring,true,ReplicaSet,kube-state-metrics-5f96f94459,kube-state-metrics-5f96f94459-ktt8k,790595d8-e4cf-451d-a576-0d39226bc551
kube_pod_owner,1753847174,1,kube_pod_owner,kube-rbac-proxy-main,10.244.0.5:8443,kube-state-metrics,monitoring,true,ReplicaSet,kube-state-metrics-5f96f94459,kube-state-metrics-5f96f94459-ktt8k,790595d8-e4cf-451d-a576-0d39226bc551
kube_pod_owner,1753847204,1,kube_pod_owner,kube-rbac-proxy-main,10.244.0.5:8443,kube-state-metrics,monitoring,true,ReplicaSet,kube-state-metrics-5f96f94459,kube-state-metrics-5f96f94459-ktt8k,790595d8-e4cf-451d-a576-0d39226bc551
kube_pod_owner,1753847234,1,kube_pod_owner,kube-rbac-proxy-main,10.244.0.5:8443,kube-state-metrics,monitoring,true,ReplicaSet,kube-state-metrics-5f96f94459,kube-state-metrics-5f96f94459-ktt8k,790595d8-e4cf-451d-a576-0d39226bc551
kube_pod_owner,1753847264,1,kube_pod_owner,kube-rbac-proxy-main,10.244.0.5:8443,kube-state-metrics,monitoring,true,ReplicaSet,kube-state-metrics-5f96f94459,kube-state-metrics-5f96f94459-ktt8k,790595d8-e4cf-451d-a576-0d39226bc551
kube_pod_owner,1753847294,1,kube_pod_owner,kube-rbac-proxy-main,10.244.0.5:8443,kube-state-metrics,monitoring,true,ReplicaSet,kube-state-metrics-5f96f94459,kube-state-metrics-5f96f94459-ktt8k,790595d8-e4cf-451d-a576-0d39226bc551
kube_pod_owner,1753847324,1,kube_pod_owner,kube-rbac-proxy-main,10.244.0.5:8443,kube-state-metrics,monitoring,true,ReplicaSet,kube-state-metrics-5f96f94459,kube-state-metrics-5f96f94459-ktt8k,790595d8-e4cf-451d-a576-0d39226bc551
kube_pod_owner,1753847354,1,kube_pod_owner,kube-rbac-proxy-main,10.244.0.5:8443,kube-state-metrics,monitoring,true,ReplicaSet,kube-state-metrics-5f96f94459,kube-state-metrics-5f96f94459-ktt8k,790595d8-e4cf-451d-a576-0d39226bc551
kube_pod_owner,1753847384,1,kube_pod_owner,kube-rbac-proxy-main,10.244.0.5:8443,kube-state-metrics,monitoring,true,ReplicaSet,kube-state-metrics-5f96f94459,kube-state-metrics-5f96f94459-ktt8k,790595d8-e4cf-451d-a576-0d39226bc551
kube_pod_owner,1753847024,1,kube_pod_owner,kube-rbac-proxy-main,10.244.0.5:8443,kube-state-metrics,monitoring,true,ReplicaSet,prometheus-adapter-599c88b6c4,prometheus-adapter-599c88b6c4-2w8d6,e51dd5c1-ae86-4697-937b-add668c9d271
kube_pod_owner,1753847084,1,kube_pod_owner,kube-rbac-proxy-main,10.244.0.5:8443,kube-state-metrics,monitoring,true,ReplicaSet,prometheus-adapter-599c88b6c4,prometheus-adapter-599c88b6c4-2w8d6,e51dd5c1-ae86-4697-937b-add668c9d271
kube_pod_owner,1753847114,1,kube_pod_owner,kube-rbac-proxy-main,10.244.0.5:8443,kube-state-metrics,monitoring,true,ReplicaSet,prometheus-adapter-599c88b6c4,prometheus-adapter-599c88b6c4-2w8d6,e51dd5c1-ae86-4697-937b-add668c9d271
kube_pod_owner,1753847144,1,kube_pod_owner,kube-rbac-proxy-main,10.244.0.5:8443,kube-state-metrics,monitoring,true,ReplicaSet,prometheus-adapter-599c88b6c4,prometheus-adapter-599c88b6c4-2w8d6,e51dd5c1-ae86-4697-937b-add668c9d271
kube_pod_owner,1753847174,1,kube_pod_owner,kube-rbac-proxy-main,10.244.0.5:8443,kube-state-metrics,monitoring,true,ReplicaSet,prometheus-adapter-599c88b6c4,prometheus-adapter-599c88b6c4-2w8d6,e51dd5c1-ae86-4697-937b-add668c9d271
kube_pod_owner,1753847204,1,kube_pod_owner,kube-rbac-proxy-main,10.244.0.5:8443,kube-state-metrics,monitoring,true,ReplicaSet,prometheus-adapter-599c88b6c4,prometheus-adapter-599c88b6c4-2w8d6,e51dd5c1-ae86-4697-937b-add668c9d271
kube_pod_owner,1753847234,1,kube_pod_owner,kube-rbac-proxy-main,10.244.0.5:8443,kube-state-metrics,monitoring,true,ReplicaSet,prometheus-adapter-599c88b6c4,prometheus-adapter-599c88b6c4-2w8d6,e51dd5c1-ae86-4697-937b-add668c9d271
kube_pod_owner,1753847264,1,kube_pod_owner,kube-rbac-proxy-main,10.244.0.5:8443,kube-state-metrics,monitoring,true,ReplicaSet,prometheus-adapter-599c88b6c4,prometheus-adapter-599c88b6c4-2w8d6,e51dd5c1-ae86-4697-937b-add668c9d271
kube_pod_owner,1753847294,1,kube_pod_owner,kube-rbac-proxy-main,10.244.0.5:8443,kube-state-metrics,monitoring,true,ReplicaSet,prometheus-adapter-599c88b6c4,prometheus-adapter-599c88b6c4-2w8d6,e51dd5c1-ae86-4697-937b-add668c9d271
kube_pod_owner,1753847324,1,kube_pod_owner,kube-rbac-proxy-main,10.244.0.5:8443,kube-state-metrics,monitoring,true,ReplicaSet,prometheus-adapter-599c88b6c4,prometheus-adapter-599c88b6c4-2w8d6,e51dd5c1-ae86-4697-937b-add668c9d271
kube_pod_owner,1753847354,1,kube_pod_owner,kube-rbac-proxy-main,10.244.0.5:8443,kube-state-metrics,monitoring,true,ReplicaSet,prometheus-adapter-599c88b6c4,prometheus-adapter-599c88b6c4-2w8d6,e51dd5c1-ae86-4697-937b-add668c9d271
kube_pod_owner,1753847384,1,kube_pod_owner,kube-rbac-proxy-main,10.244.0.5:8443,kube-state-metrics,monitoring,true,ReplicaSet,prometheus-adapter-599c88b6c4,prometheus-adapter-599c88b6c4-2w8d6,e51dd5c1-ae86-4697-937b-add668c9d271
kube_pod_owner,1753847024,1,kube_pod_owner,kube-rbac-proxy-main,10.244.0.5:8443,kube-state-metrics,monitoring,true,ReplicaSet,prometheus-adapter-599c88b6c4,prometheus-adapter-599c88b6c4-vg6fz,2ea9033f-3729-4577-adeb-19c5640fc7a8
kube_pod_owner,1753847084,1,kube_pod_owner,kube-rbac-proxy-main,10.244.0.5:8443,kube-state-metrics,monitoring,true,ReplicaSet,prometheus-adapter-599c88b6c4,prometheus-adapter-599c88b6c4-vg6fz,2ea9033f-3729-4577-adeb-19c5640fc7a8
kube_pod_owner,1753847114,1,kube_pod_owner,kube-rbac-proxy-main,10.244.0.5:8443,kube-state-metrics,monitoring,true,ReplicaSet,prometheus-adapter-599c88b6c4,prometheus-adapter-599c88b6c4-vg6fz,2ea9033f-3729-4577-adeb-19c5640fc7a8
kube_pod_owner,1753847144,1,kube_pod_owner,kube-rbac-proxy-main,10.244.0.5:8443,kube-state-metrics,monitoring,true,ReplicaSet,prometheus-adapter-599c88b6c4,prometheus-adapter-599c88b6c4-vg6fz,2ea9033f-3729-4577-adeb-19c5640fc7a8
kube_pod_owner,1753847174,1,kube_pod_owner,kube-rbac-proxy-main,10.244.0.5:8443,kube-state-metrics,monitoring,true,ReplicaSet,prometheus-adapter-599c88b6c4,prometheus-adapter-599c88b6c4-vg6fz,2ea9033f-3729-4577-adeb-19c5640fc7a8
kube_pod_owner,1753847204,1,kube_pod_owner,kube-rbac-proxy-main,10.244.0.5:8443,kube-state-metrics,monitoring,true,ReplicaSet,prometheus-adapter-599c88b6c4,prometheus-adapter-599c88b6c4-vg6fz,2ea9033f-3729-4577-adeb-19c5640fc7a8
kube_pod_owner,1753847234,1,kube_pod_owner,kube-rbac-proxy-main,10.244.0.5:8443,kube-state-metrics,monitoring,true,ReplicaSet,prometheus-adapter-599c88b6c4,prometheus-adapter-599c88b6c4-vg6fz,2ea9033f-3729-4577-adeb-19c5640fc7a8
kube_pod_owner,1753847264,1,kube_pod_owner,kube-rbac-proxy-main,10.244.0.5:8443,kube-state-metrics,monitoring,true,ReplicaSet,prometheus-adapter-599c88b6c4,prometheus-adapter-599c88b6c4-vg6fz,2ea9033f-3729-4577-adeb-19c5640fc7a8
kube_pod_owner,1753847294,1,kube_pod_owner,kube-rbac-proxy-main,10.244.0.5:8443,kube-state-metrics,monitoring,true,ReplicaSet,prometheus-adapter-599c88b6c4,prometheus-adapter-599c88b6c4-vg6fz,2ea9033f-3729-4577-adeb-19c5640fc7a8
kube_pod_owner,1753847324,1,kube_pod_owner,kube-rbac-proxy-main,10.244.0.5:8443,kube-state-metrics,monitoring,true,ReplicaSet,prometheus-adapter-599c88b6c4,prometheus-adapter-599c88b6c4-vg6fz,2ea9033f-3729-4577-adeb-19c5640fc7a8
kube_pod_owner,1753847354,1,kube_pod_owner,kube-rbac-proxy-main,10.244.0.5:8443,kube-state-metrics,monitoring,true,ReplicaSet,prometheus-adapter-599c88b6c4,prometheus-adapter-599c88b6c4-vg6fz,2ea9033f-3729-4577-adeb-19c5640fc7a8
kube_pod_owner,1753847384,1,kube_pod_owner,kube-rbac-proxy-main,10.244.0.5:8443,kube-state-metrics,monitoring,true,ReplicaSet,prometheus-adapter-599c88b6c4,prometheus-adapter-599c88b6c4-vg6fz,2ea9033f-3729-4577-adeb-19c5640fc7a8
kube_pod_owner,1753847024,1,kube_pod_owner,kube-rbac-proxy-main,10.244.0.5:8443,kube-state-metrics,monitoring,true,ReplicaSet,prometheus-operator-68dbcbf4cc,prometheus-operator-68dbcbf4cc-wbpnr,f1dc3ba2-10f4-4011-a6e8-723ab747d1a5
kube_pod_owner,1753847084,1,kube_pod_owner,kube-rbac-proxy-main,10.244.0.5:8443,kube-state-metrics,monitoring,true,ReplicaSet,prometheus-operator-68dbcbf4cc,prometheus-operator-68dbcbf4cc-wbpnr,f1dc3ba2-10f4-4011-a6e8-723ab747d1a5
kube_pod_owner,1753847114,1,kube_pod_owner,kube-rbac-proxy-main,10.244.0.5:8443,kube-state-metrics,monitoring,true,ReplicaSet,prometheus-operator-68dbcbf4cc,prometheus-operator-68dbcbf4cc-wbpnr,f1dc3ba2-10f4-4011-a6e8-723ab747d1a5
kube_pod_owner,1753847144,1,kube_pod_owner,kube-rbac-proxy-main,10.244.0.5:8443,kube-state-metrics,monitoring,true,ReplicaSet,prometheus-operator-68dbcbf4cc,prometheus-operator-68dbcbf4cc-wbpnr,f1dc3ba2-10f4-4011-a6e8-723ab747d1a5
kube_pod_owner,1753847174,1,kube_pod_owner,kube-rbac-proxy-main,10.244.0.5:8443,kube-state-metrics,monitoring,true,ReplicaSet,prometheus-operator-68dbcbf4cc,prometheus-operator-68dbcbf4cc-wbpnr,f1dc3ba2-10f4-4011-a6e8-723ab747d1a5
kube_pod_owner,1753847204,1,kube_pod_owner,kube-rbac-proxy-main,10.244.0.5:8443,kube-state-metrics,monitoring,true,ReplicaSet,prometheus-operator-68dbcbf4cc,prometheus-operator-68dbcbf4cc-wbpnr,f1dc3ba2-10f4-4011-a6e8-723ab747d1a5
kube_pod_owner,1753847234,1,kube_pod_owner,kube-rbac-proxy-main,10.244.0.5:8443,kube-state-metrics,monitoring,true,ReplicaSet,prometheus-operator-68dbcbf4cc,prometheus-operator-68dbcbf4cc-wbpnr,f1dc3ba2-10f4-4011-a6e8-723ab747d1a5
kube_pod_owner,1753847264,1,kube_pod_owner,kube-rbac-proxy-main,10.244.0.5:8443,kube-state-metrics,monitoring,true,ReplicaSet,prometheus-operator-68dbcbf4cc,prometheus-operator-68dbcbf4cc-wbpnr,f1dc3ba2-10f4-4011-a6e8-723ab747d1a5
kube_pod_owner,1753847294,1,kube_pod_owner,kube-rbac-proxy-main,10.244.0.5:8443,kube-state-metrics,monitoring,true,ReplicaSet,prometheus-operator-68dbcbf4cc,prometheus-operator-68dbcbf4cc-wbpnr,f1dc3ba2-10f4-4011-a6e8-723ab747d1a5
kube_pod_owner,1753847324,1,kube_pod_owner,kube-rbac-proxy-main,10.244.0.5:8443,kube-state-metrics,monitoring,true,ReplicaSet,prometheus-operator-68dbcbf4cc,prometheus-operator-68dbcbf4cc-wbpnr,f1dc3ba2-10f4-4011-a6e8-723ab747d1a5
kube_pod_owner,1753847354,1,kube_pod_owner,kube-rbac-proxy-main,10.244.0.5:8443,kube-state-metrics,monitoring,true,ReplicaSet,prometheus-operator-68dbcbf4cc,prometheus-operator-68dbcbf4cc-wbpnr,f1dc3ba2-10f4-4011-a6e8-723ab747d1a5
kube_pod_owner,1753847384,1,kube_pod_owner,kube-rbac-proxy-main,10.244.0.5:8443,kube-state-metrics,monitoring,true,ReplicaSet,prometheus-operator-68dbcbf4cc,prometheus-operator-68dbcbf4cc-wbpnr,f1dc3ba2-10f4-4011-a6e8-723ab747d1a5
kube_pod_owner,1753847024,1,kube_pod_owner,kube-rbac-proxy-main,10.244.0.5:8443,kube-state-metrics,monitoring,true,StatefulSet,alertmanager-main,alertmanager-main-0,461abfe7-0399-4b23-8116-4b6c4da75656
kube_pod_owner,1753847084,1,kube_pod_owner,kube-rbac-proxy-main,10.244.0.5:8443,kube-state-metrics,monitoring,true,StatefulSet,alertmanager-main,alertmanager-main-0,461abfe7-0399-4b23-8116-4b6c4da75656
kube_pod_owner,1753847114,1,kube_pod_owner,kube-rbac-proxy-main,10.244.0.5:8443,kube-state-metrics,monitoring,true,StatefulSet,alertmanager-main,alertmanager-main-0,461abfe7-0399-4b23-8116-4b6c4da75656
kube_pod_owner,1753847144,1,kube_pod_owner,kube-rbac-proxy-main,10.244.0.5:8443,kube-state-metrics,monitoring,true,StatefulSet,alertmanager-main,alertmanager-main-0,461abfe7-0399-4b23-8116-4b6c4da75656
kube_pod_owner,1753847174,1,kube_pod_owner,kube-rbac-proxy-main,10.244.0.5:8443,kube-state-metrics,monitoring,true,StatefulSet,alertmanager-main,alertmanager-main-0,461abfe7-0399-4b23-8116-4b6c4da75656
kube_pod_owner,1753847204,1,kube_pod_owner,kube-rbac-proxy-main,10.244.0.5:8443,kube-state-metrics,monitoring,true,StatefulSet,alertmanager-main,alertmanager-main-0,461abfe7-0399-4b23-8116-4b6c4da75656
kube_pod_owner,1753847234,1,kube_pod_owner,kube-rbac-proxy-main,10.244.0.5:8443,kube-state-metrics,monitoring,true,StatefulSet,alertmanager-main,alertmanager-main-0,461abfe7-0399-4b23-8116-4b6c4da75656
kube_pod_owner,1753847264,1,kube_pod_owner,kube-rbac-proxy-main,10.244.0.5:8443,kube-state-metrics,monitoring,true,StatefulSet,alertmanager-main,alertmanager-main-0,461abfe7-0399-4b23-8116-4b6c4da75656
kube_pod_owner,1753847294,1,kube_pod_owner,kube-rbac-proxy-main,10.244.0.5:8443,kube-state-metrics,monitoring,true,StatefulSet,alertmanager-main,alertmanager-main-0,461abfe7-0399-4b23-8116-4b6c4da75656
kube_pod_owner,1753847324,1,kube_pod_owner,kube-rbac-proxy-main,10.244.0.5:8443,kube-state-metrics,monitoring,true,StatefulSet,alertmanager-main,alertmanager-main-0,461abfe7-0399-4b23-8116-4b6c4da75656
kube_pod_owner,1753847354,1,kube_pod_owner,kube-rbac-proxy-main,10.244.0.5:8443,kube-state-metrics,monitoring,true,StatefulSet,alertmanager-main,alertmanager-main-0,461abfe7-0399-4b23-8116-4b6c4da75656
kube_pod_owner,1753847384,1,kube_pod_owner,kube-rbac-proxy-main,10.244.0.5:8443,kube-state-metrics,monitoring,true,StatefulSet,alertmanager-main,alertmanager-main-0,461abfe7-0399-4b23-8116-4b6c4da75656
kube_pod_owner,1753847024,1,kube_pod_owner,kube-rbac-proxy-main,10.244.0.5:8443,kube-state-metrics,monitoring,true,StatefulSet,alertmanager-main,alertmanager-main-1,3cf649ac-a7fd-4267-9f78-38f565700056
kube_pod_owner,1753847084,1,kube_pod_owner,kube-rbac-proxy-main,10.244.0.5:8443,kube-state-metrics,monitoring,true,StatefulSet,alertmanager-main,alertmanager-main-1,3cf649ac-a7fd-4267-9f78-38f565700056
kube_pod_owner,1753847114,1,kube_pod_owner,kube-rbac-proxy-main,10.244.0.5:8443,kube-state-metrics,monitoring,true,StatefulSet,alertmanager-main,alertmanager-main-1,3cf649ac-a7fd-4267-9f78-38f565700056
kube_pod_owner,1753847144,1,kube_pod_owner,kube-rbac-proxy-main,10.244.0.5:8443,kube-state-metrics,monitoring,true,StatefulSet,alertmanager-main,alertmanager-main-1,3cf649ac-a7fd-4267-9f78-38f565700056
kube_pod_owner,1753847174,1,kube_pod_owner,kube-rbac-proxy-main,10.244.0.5:8443,kube-state-metrics,monitoring,true,StatefulSet,alertmanager-main,alertmanager-main-1,3cf649ac-a7fd-4267-9f78-38f565700056
kube_pod_owner,1753847204,1,kube_pod_owner,kube-rbac-proxy-main,10.244.0.5:8443,kube-state-metrics,monitoring,true,StatefulSet,alertmanager-main,alertmanager-main-1,3cf649ac-a7fd-4267-9f78-38f565700056
kube_pod_owner,1753847234,1,kube_pod_owner,kube-rbac-proxy-main,10.244.0.5:8443,kube-state-metrics,monitoring,true,StatefulSet,alertmanager-main,alertmanager-main-1,3cf649ac-a7fd-4267-9f78-38f565700056
kube_pod_owner,1753847264,1,kube_pod_owner,kube-rbac-proxy-main,10.244.0.5:8443,kube-state-metrics,monitoring,true,StatefulSet,alertmanager-main,alertmanager-main-1,3cf649ac-a7fd-4267-9f78-38f565700056
kube_pod_owner,1753847294,1,kube_pod_owner,kube-rbac-proxy-main,10.244.0.5:8443,kube-state-metrics,monitoring,true,StatefulSet,alertmanager-main,alertmanager-main-1,3cf649ac-a7fd-4267-9f78-38f565700056
kube_pod_owner,1753847324,1,kube_pod_owner,kube-rbac-proxy-main,10.244.0.5:8443,kube-state-metrics,monitoring,true,StatefulSet,alertmanager-main,alertmanager-main-1,3cf649ac-a7fd-4267-9f78-38f565700056
kube_pod_owner,1753847354,1,kube_pod_owner,kube-rbac-proxy-main,10.244.0.5:8443,kube-state-metrics,monitoring,true,StatefulSet,alertmanager-main,alertmanager-main-1,3cf649ac-a7fd-4267-9f78-38f565700056
kube_pod_owner,1753847384,1,kube_pod_owner,kube-rbac-proxy-main,10.244.0.5:8443,kube-state-metrics,monitoring,true,StatefulSet,alertmanager-main,alertmanager-main-1,3cf649ac-a7fd-4267-9f78-38f565700056
kube_pod_owner,1753847024,1,kube_pod_owner,kube-rbac-proxy-main,10.244.0.5:8443,kube-state-metrics,monitoring,true,StatefulSet,alertmanager-main,alertmanager-main-2,987847af-ce37-4c47-81b8-3dab90290822
kube_pod_owner,1753847084,1,kube_pod_owner,kube-rbac-proxy-main,10.244.0.5:8443,kube-state-metrics,monitoring,true,StatefulSet,alertmanager-main,alertmanager-main-2,987847af-ce37-4c47-81b8-3dab90290822
kube_pod_owner,1753847114,1,kube_pod_owner,kube-rbac-proxy-main,10.244.0.5:8443,kube-state-metrics,monitoring,true,StatefulSet,alertmanager-main,alertmanager-main-2,987847af-ce37-4c47-81b8-3dab90290822
kube_pod_owner,1753847144,1,kube_pod_owner,kube-rbac-proxy-main,10.244.0.5:8443,kube-state-metrics,monitoring,true,StatefulSet,alertmanager-main,alertmanager-main-2,987847af-ce37-4c47-81b8-3dab90290822
kube_pod_owner,1753847174,1,kube_pod_owner,kube-rbac-proxy-main,10.244.0.5:8443,kube-state-metrics,monitoring,true,StatefulSet,alertmanager-main,alertmanager-main-2,987847af-ce37-4c47-81b8-3dab90290822
kube_pod_owner,1753847204,1,kube_pod_owner,kube-rbac-proxy-main,10.244.0.5:8443,kube-state-metrics,monitoring,true,StatefulSet,alertmanager-main,alertmanager-main-2,987847af-ce37-4c47-81b8-3dab90290822
kube_pod_owner,1753847234,1,kube_pod_owner,kube-rbac-proxy-main,10.244.0.5:8443,kube-state-metrics,monitoring,true,StatefulSet,alertmanager-main,alertmanager-main-2,987847af-ce37-4c47-81b8-3dab90290822
kube_pod_owner,1753847264,1,kube_pod_owner,kube-rbac-proxy-main,10.244.0.5:8443,kube-state-metrics,monitoring,true,StatefulSet,alertmanager-main,alertmanager-main-2,987847af-ce37-4c47-81b8-3dab90290822
kube_pod_owner,1753847294,1,kube_pod_owner,kube-rbac-proxy-main,10.244.0.5:8443,kube-state-metrics,monitoring,true,StatefulSet,alertmanager-main,alertmanager-main-2,987847af-ce37-4c47-81b8-3dab90290822
kube_pod_owner,1753847324,1,kube_pod_owner,kube-rbac-proxy-main,10.244.0.5:8443,kube-state-metrics,monitoring,true,StatefulSet,alertmanager-main,alertmanager-main-2,987847af-ce37-4c47-81b8-3dab90290822
kube_pod_owner,1753847354,1,kube_pod_owner,kube-rbac-proxy-main,10.244.0.5:8443,kube-state-metrics,monitoring,true,StatefulSet,alertmanager-main,alertmanager-main-2,987847af-ce37-4c47-81b8-3dab90290822
kube_pod_owner,1753847384,1,kube_pod_owner,kube-rbac-proxy-main,10.244.0.5:8443,kube-state-metrics,monitoring,true,StatefulSet,alertmanager-main,alertmanager-main-2,987847af-ce37-4c47-81b8-3dab90290822
kube_pod_owner,1753847024,1,kube_pod_owner,kube-rbac-proxy-main,10.244.0.5:8443,kube-state-metrics,monitoring,true,StatefulSet,prometheus-k8s,prometheus-k8s-0,df786bf3-6b5e-4a60-8841-d502e9d17939
kube_pod_owner,1753847084,1,kube_pod_owner,kube-rbac-proxy-main,10.244.0.5:8443,kube-state-metrics,monitoring,true,StatefulSet,prometheus-k8s,prometheus-k8s-0,df786bf3-6b5e-4a60-8841-d502e9d17939
kube_pod_owner,1753847114,1,kube_pod_owner,kube-rbac-proxy-main,10.244.0.5:8443,kube-state-metrics,monitoring,true,StatefulSet,prometheus-k8s,prometheus-k8s-0,df786bf3-6b5e-4a60-8841-d502e9d17939
kube_pod_owner,1753847144,1,kube_pod_owner,kube-rbac-proxy-main,10.244.0.5:8443,kube-state-metrics,monitoring,true,StatefulSet,prometheus-k8s,prometheus-k8s-0,df786bf3-6b5e-4a60-8841-d502e9d17939
kube_pod_owner,1753847174,1,kube_pod_owner,kube-rbac-proxy-main,10.244.0.5:8443,kube-state-metrics,monitoring,true,StatefulSet,prometheus-k8s,prometheus-k8s-0,df786bf3-6b5e-4a60-8841-d502e9d17939
kube_pod_owner,1753847204,1,kube_pod_owner,kube-rbac-proxy-main,10.244.0.5:8443,kube-state-metrics,monitoring,true,StatefulSet,prometheus-k8s,prometheus-k8s-0,df786bf3-6b5e-4a60-8841-d502e9d17939
kube_pod_owner,1753847234,1,kube_pod_owner,kube-rbac-proxy-main,10.244.0.5:8443,kube-state-metrics,monitoring,true,StatefulSet,prometheus-k8s,prometheus-k8s-0,df786bf3-6b5e-4a60-8841-d502e9d17939
kube_pod_owner,1753847264,1,kube_pod_owner,kube-rbac-proxy-main,10.244.0.5:8443,kube-state-metrics,monitoring,true,StatefulSet,prometheus-k8s,prometheus-k8s-0,df786bf3-6b5e-4a60-8841-d502e9d17939
kube_pod_owner,1753847294,1,kube_pod_owner,kube-rbac-proxy-main,10.244.0.5:8443,kube-state-metrics,monitoring,true,StatefulSet,prometheus-k8s,prometheus-k8s-0,df786bf3-6b5e-4a60-8841-d502e9d17939
kube_pod_owner,1753847324,1,kube_pod_owner,kube-rbac-proxy-main,10.244.0.5:8443,kube-state-metrics,monitoring,true,StatefulSet,prometheus-k8s,prometheus-k8s-0,df786bf3-6b5e-4a60-8841-d502e9d17939
kube_pod_owner,1753847354,1,kube_pod_owner,kube-rbac-proxy-main,10.244.0.5:8443,kube-state-metrics,monitoring,true,StatefulSet,prometheus-k8s,prometheus-k8s-0,df786bf3-6b5e-4a60-8841-d502e9d17939
kube_pod_owner,1753847384,1,kube_pod_owner,kube-rbac-proxy-main,10.244.0.5:8443,kube-state-metrics,monitoring,true,StatefulSet,prometheus-k8s,prometheus-k8s-0,df786bf3-6b5e-4a60-8841-d502e9d17939
kube_pod_owner,1753847024,1,kube_pod_owner,kube-rbac-proxy-main,10.244.0.5:8443,kube-state-metrics,monitoring,true,StatefulSet,prometheus-k8s,prometheus-k8s-1,92ed4e41-3a6d-40b8-9163-f07664562a9b
kube_pod_owner,1753847084,1,kube_pod_owner,kube-rbac-proxy-main,10.244.0.5:8443,kube-state-metrics,monitoring,true,StatefulSet,prometheus-k8s,prometheus-k8s-1,92ed4e41-3a6d-40b8-9163-f07664562a9b
kube_pod_owner,1753847114,1,kube_pod_owner,kube-rbac-proxy-main,10.244.0.5:8443,kube-state-metrics,monitoring,true,StatefulSet,prometheus-k8s,prometheus-k8s-1,92ed4e41-3a6d-40b8-9163-f07664562a9b
kube_pod_owner,1753847144,1,kube_pod_owner,kube-rbac-proxy-main,10.244.0.5:8443,kube-state-metrics,monitoring,true,StatefulSet,prometheus-k8s,prometheus-k8s-1,92ed4e41-3a6d-40b8-9163-f07664562a9b
kube_pod_owner,1753847174,1,kube_pod_owner,kube-rbac-proxy-main,10.244.0.5:8443,kube-state-metrics,monitoring,true,StatefulSet,prometheus-k8s,prometheus-k8s-1,92ed4e41-3a6d-40b8-9163-f07664562a9b
kube_pod_owner,1753847204,1,kube_pod_owner,kube-rbac-proxy-main,10.244.0.5:8443,kube-state-metrics,monitoring,true,StatefulSet,prometheus-k8s,prometheus-k8s-1,92ed4e41-3a6d-40b8-9163-f07664562a9b
kube_pod_owner,1753847234,1,kube_pod_owner,kube-rbac-proxy-main,10.244.0.5:8443,kube-state-metrics,monitoring,true,StatefulSet,prometheus-k8s,prometheus-k8s-1,92ed4e41-3a6d-40b8-9163-f07664562a9b
kube_pod_owner,1753847264,1,kube_pod_owner,kube-rbac-proxy-main,10.244.0.5:8443,kube-state-metrics,monitoring,true,StatefulSet,prometheus-k8s,prometheus-k8s-1,92ed4e41-3a6d-40b8-9163-f07664562a9b
kube_pod_owner,1753847294,1,kube_pod_owner,kube-rbac-proxy-main,10.244.0.5:8443,kube-state-metrics,monitoring,true,StatefulSet,prometheus-k8s,prometheus-k8s-1,92ed4e41-3a6d-40b8-9163-f07664562a9b
kube_pod_owner,1753847324,1,kube_pod_owner,kube-rbac-proxy-main,10.244.0.5:8443,kube-state-metrics,monitoring,true,StatefulSet,prometheus-k8s,prometheus-k8s-1,92ed4e41-3a6d-40b8-9163-f07664562a9b
kube_pod_owner,1753847354,1,kube_pod_owner,kube-rbac-proxy-main,10.244.0.5:8443,kube-state-metrics,monitoring,true,StatefulSet,prometheus-k8s,prometheus-k8s-1,92ed4e41-3a6d-40b8-9163-f07664562a9b
kube_pod_owner,1753847384,1,kube_pod_owner,kube-rbac-proxy-main,10.244.0.5:8443,kube-state-metrics,monitoring,true,StatefulSet,prometheus-k8s,prometheus-k8s-1,92ed4e41-3a6d-40b8-9163-f07664562a9b
